name,title,url
Afghanistan,Afghan newspapers,https://www.w3newspapers.com/afghanistan/
Albania,Albania newspapers,https://www.w3newspapers.com/albania/
Algeria,Algerian newspapers,https://www.w3newspapers.com/algeria/
Andorra,Andorra newspapers,https://www.w3newspapers.com/andorra/
Angola,Angola newspapers,https://www.w3newspapers.com/angola/
Antigua and Barbuda,Antigua and Barbuda newspapers,https://www.w3newspapers.com/antigua-and-barbuda/
Argentina,Argentina newspapers,https://www.w3newspapers.com/argentina/
Armenia,Armenia newspapers,https://www.w3newspapers.com/armenia/
Aruba,Aruba newspapers,https://www.w3newspapers.com/aruba/
Australia,Australia newspapers,https://www.w3newspapers.com/australia/
Austria,Austria newspapers,https://www.w3newspapers.com/austria/
Azerbaijan,Azerbaijan newspapers,https://www.w3newspapers.com/azerbaijan/
Bahamas,Bahamas newspapers,https://www.w3newspapers.com/bahamas/
Belgium,Belgium newspapers,https://www.w3newspapers.com/belgium/
Belize,Belize newspapers,https://www.w3newspapers.com/belize/
Bermuda,Bermuda newspapers,https://www.w3newspapers.com/bermuda/
Bahrain,Bahrain newspapers,https://www.w3newspapers.com/bahrain/
Bangladesh,Bangladesh newspapers,https://www.w3newspapers.com/bangladesh/
Barbados,Barbados newspapers,https://www.w3newspapers.com/barbados/
Belarus,Belarus newspapers,https://www.w3newspapers.com/belarus/
Benin,Benin newspapers,https://www.w3newspapers.com/benin/
Bhutan,Bhutan newspapers,https://www.w3newspapers.com/bhutan/
Bolivia,Bolivia newspapers,https://www.w3newspapers.com/bolivia/
Bosnia and Herzegovina,Bosnia and Herzegovina newspapers,https://www.w3newspapers.com/bosnia-and-herzegovina/
Botswana,Botswana newspapers,https://www.w3newspapers.com/botswana/
Brazil,Brazil newspapers,https://www.w3newspapers.com/brazil/
British Virgin Islands,British Virgin Islands newspapers,https://www.w3newspapers.com/british-virgin-islands/
Brunei,Brunei newspapers,https://www.w3newspapers.com/brunei/
Bulgaria,Bulgaria newspapers,https://www.w3newspapers.com/bulgaria/
Burkina Faso,Burkina Faso newspapers,https://www.w3newspapers.com/burkina-faso/
Burundi,Burundi newspapers,https://www.w3newspapers.com/burundi/
Cape Verde,Cape verde newspapers,https://www.w3newspapers.com/cape-verde/
Central African Republic,Central African Republic newspapers,https://www.w3newspapers.com/central-african-republic/
Cambodia,Cambodia newspapers,https://www.w3newspapers.com/cambodia/
Cameroon,Cameroon newspapers,https://www.w3newspapers.com/cameroon/
Canada,Canada newspapers,https://www.w3newspapers.com/canada/
Chad,Chad newspapers,https://www.w3newspapers.com/chad/
Chechnya,Chechnya newspapers,https://www.w3newspapers.com/chechnya/
Chile,Chile newspapers,https://www.w3newspapers.com/chile/
China,China newspapers,https://www.w3newspapers.com/chinese/
Colombia,Colombia newspapers,https://www.w3newspapers.com/colombia/
Costa Rica,Costa Rica newspapers,https://www.w3newspapers.com/costa-rica/
Comoros,Comoros newspapers,https://www.w3newspapers.com/comoros/
Congo,Congo newspapers,https://www.w3newspapers.com/congo/
Cook Islands,Cook Islands newspapers,https://www.w3newspapers.com/cook-islands/
Croatia,Croatian newspapers,https://www.w3newspapers.com/croatia/
Cuba,Cuba newspapers,https://www.w3newspapers.com/cuba/
Cyprus,Cyprus newspapers,https://www.w3newspapers.com/cyprus/
Czech Republic,Czech newspapers,https://www.w3newspapers.com/czech-republic/
Djibouti,Djibouti newspapers,https://www.w3newspapers.com/djibouti/
Denmark,Denmark newspapers,https://www.w3newspapers.com/denmark/
Dominican Republic,Dominican Republic newspapers,https://www.w3newspapers.com/dominican-republic/
Dominica,Dominica newspapers,https://www.w3newspapers.com/dominica/
Ecuador,Ecuador newspapers,https://www.w3newspapers.com/ecuador/
Egypt,Egypt newspapers,https://www.w3newspapers.com/egypt/
El Salvador,El Salvador newspapers,https://www.w3newspapers.com/el-salvador/
Equatorial Guinea,Equatorial Guinea newspapers,https://www.w3newspapers.com/equatorial-guinea/
Eritrea,Eritrea newspapers,https://www.w3newspapers.com/eritrea/
Estonia,Estonia newspapers,https://www.w3newspapers.com/estonia/
Ethiopia,Ethiopia newspapers,https://www.w3newspapers.com/ethiopia/
France,France newspapers,https://www.w3newspapers.com/france/
Fiji,Fiji newspapers,https://www.w3newspapers.com/fiji/
Finland,Finland newspapers,https://www.w3newspapers.com/finland/
Falkland Islands,Falkland Islands newspapers,https://www.w3newspapers.com/falkland-islands/
Gabon,Gabon newspapers,https://www.w3newspapers.com/gabon/
Gambia,Gambia newspapers,https://www.w3newspapers.com/gambia/
Germany,Germany newspapers,https://www.w3newspapers.com/germany/
Georgia,Georgia newspapers,https://www.w3newspapers.com/georgia/
Ghana,Ghana newspapers,https://www.w3newspapers.com/ghana/
Greece,Greece newspapers,https://www.w3newspapers.com/greece/
Grenada,Grenada newspapers,https://www.w3newspapers.com/grenada/
Guyana,Guyana newspapers,https://www.w3newspapers.com/guyana/
Guatemala,Guatemala newspapers,https://www.w3newspapers.com/guatemala/
Guinea,Guinea newspapers,https://www.w3newspapers.com/guinea/
Guinea Bissau,Guinea Bissau newspapers,https://www.w3newspapers.com/guinea-bissau/
Haiti,Haiti newspapers,https://www.w3newspapers.com/haiti/
Hong Kong,Hong Kong newspapers,https://www.w3newspapers.com/hong-kong/
Hungary,Hungary newspapers,https://www.w3newspapers.com/hungary/
Honduras,Honduras newspapers,https://www.w3newspapers.com/honduras/
Iceland,Iceland newspapers,https://www.w3newspapers.com/iceland/
India,India newspapers,https://www.w3newspapers.com/india/
Indonesia,Indonesia newspapers,https://www.w3newspapers.com/indonesia/
Iran,Iran newspapers,https://www.w3newspapers.com/iran/
Iraq,Iraq newspapers,https://www.w3newspapers.com/iraq/
Israel,Israel newspapers,https://www.w3newspapers.com/israel/
Ireland,Ireland newspapers,https://www.w3newspapers.com/ireland/
Italy,Italy newspapers,https://www.w3newspapers.com/italy/
Ivory Coast,Ivory Coast newspapers,https://www.w3newspapers.com/ivory-coast/
Jamaica,Jamaica newspapers,https://www.w3newspapers.com/jamaica/
Japan,Japan newspapers,https://www.w3newspapers.com/japan/
Jordan,Jordan newspapers,https://www.w3newspapers.com/jordan/
Kazakhstan,Kazakhstan newspapers,https://www.w3newspapers.com/kazakhstan/
Kuwait,Kuwait newspapers,https://www.w3newspapers.com/kuwait/
Kenya,Kenya newspapers,https://www.w3newspapers.com/kenya/
Kiribati,Kiribati newspapers,https://www.w3newspapers.com/kiribati/
Kyrgyzstan ,Kyrgyzstan newspapers,https://www.w3newspapers.com/kyrgyzstan/
Latvia,Latvia newspapers,https://www.w3newspapers.com/latvia/
Lesotho,Lesotho newspapers,https://www.w3newspapers.com/lesotho/
Laos,Laos newspapers,https://www.w3newspapers.com/laos/
Lebanon,Lebanon newspapers,https://www.w3newspapers.com/lebanon/
Liberia,Liberia newspapers,https://www.w3newspapers.com/liberia/
Libya,Libya newspapers,https://www.w3newspapers.com/libya/
Liechtenstein,Liechtenstein newspapers,https://www.w3newspapers.com/liechtenstein/
Lithuania,Lithuanian newspapers,https://www.w3newspapers.com/lithuania/
Luxembourg,Luxembourg newspapers,https://www.w3newspapers.com/luxembourg/
Macedonia,Macedonia newspapers,https://www.w3newspapers.com/macedonia/
Madagascar,Madagascar newspapers,https://www.w3newspapers.com/madagascar/
Malawi,Malawi newspapers,https://www.w3newspapers.com/malawi/
Malaysia,Malaysia newspapers,https://www.w3newspapers.com/malaysia/
Maldives,Maldives newspapers,https://www.w3newspapers.com/maldives/
Malta,Malta newspapers,https://www.w3newspapers.com/malta/
Mali,Mali newspapers,https://www.w3newspapers.com/mali/
Marshall Islands,Marshall Islands newspapers,https://www.w3newspapers.com/marshall-islands/
MÃ©xico,Mexican newspapers,https://www.w3newspapers.com/mexico/
Monaco,Monaco newspapers,https://www.w3newspapers.com/monaco/
Micronesia,Micronesia newspapers,https://www.w3newspapers.com/micronesia/
Moldova,Moldova newspapers,https://www.w3newspapers.com/moldova/
Mongolia,Mongolia newspapers,https://www.w3newspapers.com/mongolia/
Montenegro,Montenegro newspapers,https://www.w3newspapers.com/montenegro/
Montserrat,Montserrat newspapers,https://www.w3newspapers.com/montserrat/
Morocco,Morocco newspapers,https://www.w3newspapers.com/morocco/
Mauritania,Mauritania newspapers,https://www.w3newspapers.com/mauritania/
Mauritius,Mauritius newspapers,https://www.w3newspapers.com/mauritius/
Myanmar,Myanmar newspapers,https://www.w3newspapers.com/myanmar/
Mozambique,Mozambique newspapers,https://www.w3newspapers.com/mozambique/
Namibia,Namibia newspapers,https://www.w3newspapers.com/namibia/
Nauru,Nauru newspapers,https://www.w3newspapers.com/nauru/
Netherlands,Dutch newspapers,https://www.w3newspapers.com/netherlands/
Nepal,Nepal newspapers,https://www.w3newspapers.com/nepal/
Nicaragua,Nicaragua newspapers,https://www.w3newspapers.com/nicaragua/
Nigeria,Nigeria newspapers,https://www.w3newspapers.com/nigeria/
Niger,Niger newspapers,https://www.w3newspapers.com/niger/
North Korea,North Korea newspapers,https://www.w3newspapers.com/north-korea/
Norway,Norwegian newspapers,https://www.w3newspapers.com/norway/
New Zealand,New Zealand newspapers,https://www.w3newspapers.com/new-zealand/
Oman,Oman newspapers,https://www.w3newspapers.com/oman/
Pakistan,Pakistan newspapers,https://www.w3newspapers.com/pakistan/
Palau,Palau newspapers,https://www.w3newspapers.com/palau/
Palestine,Palestine newspapers,https://www.w3newspapers.com/palestine/
Panama,Panama newspapers,https://www.w3newspapers.com/panama/
Papua New Guinea,Papua New Guinea newspapers,https://www.w3newspapers.com/papua-new-guinea/
Paraguay,Paraguay newspapers,https://www.w3newspapers.com/paraguay/
Peru,Peru newspapers,https://www.w3newspapers.com/peru/
Philippines,Philippine newspapers,https://www.w3newspapers.com/philippines/
Poland,Poland newspapers,https://www.w3newspapers.com/poland/
Portugal,Portugal newspapers,https://www.w3newspapers.com/portugal/
Qatar,Qatar newspapers,https://www.w3newspapers.com/qatar/
Romania,Romania newspapers,https://www.w3newspapers.com/romania/
Russia,Russia newspapers,https://www.w3newspapers.com/russia/
Rwanda,Rwanda newspapers,https://www.w3newspapers.com/rwanda/
Saint Kitts and Nevis,Saint Kitts and Nevis newspapers,https://www.w3newspapers.com/saint-kitts-and-nevis/
Saint Lucia,Saint Lucia newspapers,https://www.w3newspapers.com/saint-lucia/
Saint Vincent and the Grenadines,Saint Vincent and the Grenadines newspapers,https://www.w3newspapers.com/saint-vincent-and-the-grenadines/
Samoa,Samoa newspapers,https://www.w3newspapers.com/samoa/
Sao Tome and Principe,Sao Tome and Principe newspapers,https://www.w3newspapers.com/sao-tome-and-principe/
Saudi Arabia,Saudi Arabia newspapers,https://www.w3newspapers.com/saudi-arabia/
Senegal,Senegal newspapers,https://www.w3newspapers.com/senegal/
Serbia,Serbia newspapers,https://www.w3newspapers.com/serbia/
Singapore,Singapore newspapers,https://www.w3newspapers.com/singapore/
Slovakia,Slovakia newspapers,https://www.w3newspapers.com/slovakia/
Slovenia,Slovenia newspapers,https://www.w3newspapers.com/slovenia/
Solomon Islands,Solomon Islands newspapers,https://www.w3newspapers.com/solomon-islands/
Seychelles,Seychelles newspapers,https://www.w3newspapers.com/seychelles/
Sierra Leone,Sierra Leone newspapers,https://www.w3newspapers.com/sierra-leone/
South Korea,South Korea newspapers,https://www.w3newspapers.com/south-korea/
Spain,Spain newspapers,https://www.w3newspapers.com/spain/
Sri Lanka,Sri Lanka newspapers,https://www.w3newspapers.com/srilanka/
Somalia,Somalia newspapers,https://www.w3newspapers.com/somalia/
South Africa,South Africa newspapers,https://www.w3newspapers.com/south-africa/
South Sudan,South Sudan newspapers,https://www.w3newspapers.com/southsudan/
Sudan,Sudan newspapers,https://www.w3newspapers.com/sudan/
Suriname,Suriname newspapers,https://www.w3newspapers.com/suriname/
Swaziland,Swaziland newspapers,https://www.w3newspapers.com/swaziland/
Sweden,Sweden newspapers,https://www.w3newspapers.com/sweden/
Switzerland,Switzerland newspapers,https://www.w3newspapers.com/switzerland/
Syrian Arab Republic,Syrian newspapers,https://www.w3newspapers.com/syria/
Tanzania,Tanzania newspapers,https://www.w3newspapers.com/tanzania/
Tajikistan,Tajikistan newspapers,https://www.w3newspapers.com/tajikistan/
Taiwan,Taiwan newspapers,https://www.w3newspapers.com/taiwan/
Thailand,Thailand newspapers,https://www.w3newspapers.com/thailand/
Tonga,Tonga newspapers,https://www.w3newspapers.com/tonga/
Trinidad and Tobago,Trinidad and Tobago newspapers,https://www.w3newspapers.com/trinidad-and-tobago/
Togo,Togo newspapers,https://www.w3newspapers.com/togo/
Turkmenistan,Turkmenistan newspapers,https://www.w3newspapers.com/turkmenistan/
Tuvalu,Tuvalu newspapers,https://www.w3newspapers.com/tuvalu/
Tunisia,Tunisia newspapers,https://www.w3newspapers.com/tunisia/
Turkey,Turkey newspapers,https://www.w3newspapers.com/turkey/
UAE,UAE newspapers,https://www.w3newspapers.com/uae/
Uganda,Uganda newspapers,https://www.w3newspapers.com/uganda/
UK,UK newspapers,https://www.w3newspapers.com/uk/
Ukraine,Ukraine newspapers,https://www.w3newspapers.com/ukraine/
Uruguay,Uruguay newspapers,https://www.w3newspapers.com/uruguay/
USA,United States newspapers,https://www.w3newspapers.com/usa/
Uzbekistan,Uzbekistan newspapers,https://www.w3newspapers.com/uzbekistan/
Vanuatu,Vanuatu newspapers,https://www.w3newspapers.com/vanuatu/
Vatican City,Vatican City newspapers,https://www.w3newspapers.com/vatican-city/
Venezuela,Venezuela newspapers,https://www.w3newspapers.com/venezuela/
VietNam,VietNam newspapers,https://www.w3newspapers.com/vietnam/
Western Sahara,Western Sahara newspapers,https://www.w3newspapers.com/western-sahara/
Yemen,Yemen newspapers,https://www.w3newspapers.com/yemen/
Zambia,Zambia newspapers,https://www.w3newspapers.com/zambia/
Zimbabwe,Zimbabwe newspapers,https://www.w3newspapers.com/zimbabwe/
