Id,Title,Name,URL
AFG,Afghan News Agency,Bakhtar News Agency,http://bakhtarnews.com.af/
AFG, News in Pashto.,Benawa,http://www.benawa.com/
AFG, With Afghanistan news.,Sabawoon Online,http://www.sabawoon.com/
AFG, Todays News of Afghanistan.,"Afghanistan Online
Press",http://www.aopnews.com/
AFG," Afghanistan news (in English, Pashto and Persian (Dari)).",Afghanistan Today,https://www.afghanistan-today.org/
AFG, Online news.,Ariana Afghan Media,http://www.e-arihttp://ariananews.af/ana.com/
AFG, Up-to-date Afghanistan news.,Afgha.com,http://www.afgha.com/
AFG, Arab News Network based in Qatar.,Al Jazeera,http://english.aljazeera.net/
AFG, Afghanistan news by the UK based Guardian. ,Guardian Unlimited,http://www.guardian.co.uk/afghanistan/
AFG, News and Special Report by Eurasianet.org.,Eurasianet: Afghanistan,http://www.eurasianet.org/resource/afghanistan
AFG, Reuters news. ,"Reuters AlertNet -
Afghan turmoil",http://www.alertnet.org/db/crisisprofiles/AF_REC.htm
AFG, Press agencies news on Afghanistan .,"Yahoo! News
Search-Afghanistan",https://uk.news.yahoo.com/afghanistan/?nf=1
ALB, Albanian Independent News Agency.,TIR-FAX,http://tirfaxnews.org/
ALB, 24-ore online.,24-ore,http://www.24-ore.com/
ALB, Albanian daily.,Korrieri,http://www.korrieri.com/
ALB, Online news. ,Rilindja Demokratike,http://www.rilindjademokratike.com/
ALB, Albanian daily.,Shekulli,http://www.shekulli.com.al/
ALB, Weekly news magazine online.,Klan,http://www.revistaklan.com/
ALB, News Agency KosovaPress with Kosovo related news and information. ,Kosovapress,http://www.kosovapress.com/
ALB,,RTSH,https://rtsh.al/
ALB, Private radio station (in Albanian).,Top Albania Radio,http://www.topalbaniaradio.com/
AND, The official Bulletin of Andorra (in Catalan),BOPA / Journal officiel de la Principaut¨¦,http://www.bopa.ad/
AND, Catalan news paper (in Spanish and Catalan),El Periodico,http://www.elperiodico.com/
AGO,,AngolaPress,http://www.angop.ao/
AGO, National and international news.,Agora,http://agora.co.ao/
AGO, Angola's only daily newspaper is staterun (in Portuguese) ,Jornal de Angola,http://www.jornaldeangola.com/
AGO, WorldNews Network (WN) powered Angolan news.,Angola News,http://www.angolanews.com/
AGO,,Televisao Popular de Angola,http://tpa.sapo.ao/
AIA, Anguilla's (Official) Channel for greater Communications. ,Public Relation,http://www.gov.ai/news.php
AIA, Anguilla gossip and news online. ,Anguilla Lokal News,http://www.news.ai/
AIA, Anguilla's weekly news online.,The Anguillian,http://theanguillian.com/
AIA," ""The Voice of Choice"", with local news.",Radio Anguilla,http://www.radioaxa.com/
ATG, Newspaper,Antigua Observer,http://antiguaobserver.com/
ATG,,"Antigua
and Barbuda News",http://www.antigua-barbuda.com/general-information-news-archive/
ATG,,Caribarena,http://www.caribantigua.com/antigua/
ARM," ARKA News Agency provides financial, economic and political information.",ARKA News Agency,http://www.arka.am/
ARM, Armenian News Agency.,Armenpress,https://www.armenpress.am/
ARM, News from AZG an Armenian daily. ,AZG,http://www.azg.am/
ARM,,Public TV Company of Armenia,http://www.1tv.am/en/
ARM, Private nationwide TV station.,Armenia TV ,http://www.armeniatv.am/
ABW, Daily news from Curacao (Dutch and English),Amigoe.com,http://www.amigoe.com/
ABW, Aruba news in PDF format. ,Aruba Today,http://www.arubatoday.com/
ABW,,Diario Aruba,http://www.diario.aw/
ABW,,Bon Dia,http://www.bondia24.com/
AUT, Austrian related news and information.,"Austrian Press & Information
Service",http://www.austria.org/
AUT, The Austrian Press Agency (in German).,APA - Austria Presse Agentur,https://www.apa.at/
AUT, News from Austria (in German).,Kurier Online,https://www.kurier.at/
AUT, National and international news (in German).,Die Presse,http://www.diepresse.at/
AUT, National and international news (in German).,Salzburger Nachrichten,http://www.salzburg.com/sn/
AUT, National and international news (in German).,Der Standard,https://derstandard.at/
AUT," National and international news from Vienna with ""Amtsblatt"", the Official newspaper of the Austrian Government (in German). ",Wiener Zeitung,http://www.wienerzeitung.at/
AZE,,News,news.html
AZE,"<img alt=""official website"" height=""8"" src=""/buttons/p1_out.gif"" width=""8""/>",World Press Freedom Index,https://rsf.org/en/ranking
AZE,,BBC,http://news.bbc.co.uk/1/hi/world/europe/country_profiles/1235976.stm
AZE," State information agency, official news from Azerbaijanian government.",Azertac,http://www.azertag.com/
AZE, State-owned Azerbaijan news (in Azeri).,Azerbaijan,http://www.azerbaijan-news.az/
AZE, English language news from Azerbaijan.,News.Az ,http://news.az/
AZE, Azerbaijan news (in Azeri).,525-ci Qzet,http://525.az/
BRB, Barbados daily.,Barbados Advocate,http://www.barbadosadvocate.com/
BRB, Daily news.,The Nation Newspaper,http://www.nationnews.com/
BRB, Barbados news.,Barbados Today,http://www.barbadostoday.bb/
BRB,,Caribbean News Agency (Cana),http://cananewsonline.com/
BRB,,Voice of Barbados Radio,http://www.vob929.com/
BEL,,News,news.html
BEL, Daily news. ,De Standaard,http://www.standaard.be/
BEL, Daily news. ,De Morgen ,http://www.demorgen.be/
BEL, Daily newspaper.,Gazet van Antwerpen,http://www.gva.be
BEL, Belgium daily. ,Het Laatste Nieuws,http://www.hln.be/
BEL, Belgium daily.,Het Nieuwsblad,http://www.hetnieuwsblad.be/
BEL, Belgium and international news.,La Libre Belgique,http://www.lalibre.be/
BEL, National and international news.,Le Soir,http://www.lesoir.be/
BEL,,Grenzecho,http://www.grenzecho.net/
BLZ,,News,news.html
BLZ," Belize's weekly newspaper, voice of the new government.",Belize Times,http://www.belizetimes.bz/
BLZ, Channel5 with Belize news.,Channel5Belize.com,http://www.channel5belize.com/
BLZ, News from Belize.,The Guardian,http://www.guardian.bz/
BLZ, News and music power from Belize.,LoveFM,http://www.lovefm.com/
BLZ, Local News. ,The Reporter,http://www.reporter.bz/
BEN, A private daily newspaper.,Fraternite,http://www.fraternitebj.info/
BEN, Recent news from Benin.,La Montagne,http://www.lamontagne.fr/accueil.html
BEN, National and Africa related news.,L'¨¦v¨¦nement Pr¨¦cis,http://levenementprecis.com/
BEN, Quotidien Le Matinal is a private daily newspaper.,Le Matinal,http://quotidien-lematinal.info/
BEN, Benin government daily with official news and information.,La Nation,http://www.lanationbenin.info/
BEN,,BeninInfo,http://www.benininfo.com/
BEN,,Broadcasting and Television of Benin,http://www.ortb.bj/
BTN," Bhutan's first private online newsmagazine featuring web-based news, views, opinions and articles on Bhutan.",Bhutannewsonline,http://www.bhutannewsservice.com/
BTN, Bhutan's autonomous daily and only regular newspaper. ,Kuensel,http://www.kuenselonline.com/
BTN, National Radio & TV provides online news on Bhutan. ,Bhutan Broadcasting Service Corporation,http://www.bbs.bt/news/
BIH, News magazine (in Serbo-Croatian).,Dani,http://www.bhdani.com/
BIH, Federal News Agency of Bosnia and Herzegovina.,"Federalna Novinska Agencija
- FENA",http://www.fena.ba/
BIH," Bosnian Serb government daily, Banja Luka.",Glas Srpske,http://www.glassrpske.com/
BIH, Banja Luka daily with BiH News (in Serbo-Croatian). ,Nezavisne Novine,http://www.nezavisne.com/
BIH, A Sarajevo daily.,Oslobodjenje,http://www.oslobodjenje.ba/
BIH," State-wide public broadcaster, operates BHRT.",Radio and TV of Bosnia and Herzegovina,http://www.bhrt.ba/
BIH,,Radio Television of the Republic of Serbian,http://www.rtrs.tv/
BIH, Sarajevo based commercial TV station.,OBN,http://www.obn.ba/
BWA, Official Botswana news.,Daily News,http://www.dailynews.gov.bw/
BWA,,Botswana Gazette,http://www.thegazette.news/
BWA,,Mmegi,http://www.mmegi.bw/
BWA, Current news from Botswana. ,allAfrica.com: Botswana,http://allafrica.com/botswana/
BRN, Local and Borneo News.,Borneo Bulletin,http://borneobulletin.com.bn/
BRN, Brunei local and business news site.,BruDirect,http://www.brudirect.com/
BRN, News outlet of Radio Televisyen Brunei (RTB),RTB News,http://www.rtbnews.rtb.gov.bn/
BRN,,Media Permata,http://mediapermata.com.bn/
BRN, Weekly official newspaper of the Government of Brunei Darussalam.,"Pelita
Brunei",http://www.pelitabrunei.gov.bn/
BRN,,The Brunei Times,http://www.bt.com.bn/
BRN,,Radio Televisyen Brunei,http://www.rtb.gov.bn/
BGR, Bulgarian news (in Bulgarian).,24 Chasa,http://www.24chasa.bg/
BGR,,Bulgarian News Agency,http://www.bta.bg/
BGR, Online news agency.,BNN - Bulgarian News Network,http://www.bgnewsnet.com/
BGR,,Capital,http://www.capital.bg/
BGR,,Dnevnik,http://www.dnevnik.bg/
BGR,,Focus News Agency,http://www.focus-fen.net/
BGR, Tabloid style national and international news (in Bulgarian).,News.bg,http://news.bg/
BGR,,novinite.com,http://www.novinite.com/
BGR, Monthly Bulgarian and Southern Europe Business News (in German).,Wirtschaftsblatt,http://www.wirtschaftsblatt-bg.com/
BFA,,News,news.html
BFA, Burkina press agency (in French),Agence d'Information du Burkina,http://www.aib.bf/
BFA, Burkina news (in French),Burkina24,http://burkina24.com/
BFA, Press review (in French).,Le faso.net,http://www.lefaso.net/
BFA,,L'Observateur Paalga,http://www.lobservateur.bf/
BFA, Burkina Faso daily news (in French).,Le Pays,http://www.lepays.bf/
BFA, Daily news from Burkina Faso (in French).,Sidwaya Quotidien,http://www.sidwaya.bf/
BFA,,RTB :: Radiodiffusion T¨¦l¨¦vision du Burkina,http://www.rtb.bf/
BFA, An article by Claus Stcker: head of Deutsche Welle's Africa department. ,Signal from the 'land of upright people' ,http://www.dw.de/opinion-signal-from-the-land-of-upright-people/a-18031173
BDI, Agence Burundaise de Presse; privately owned Burundi Press Agency (in French).,Net Press,http://www.netpress.bi/
BDI," Les voix de Burundi (The Voices of Burundi), Burundi news in French and English.",Iwacu,http://www.iwacu-burundi.org/
BDI," Kind of outdated Analysis, Research, Information and Data on Burundi (French and English)",Burundi Realities,http://www.burundirealite.org/
BDI, Central news (in French).,Africatime Burundi,http://www.africatime.com/burundi/
BDI,,"afrol News -
Burundi",http://www.afrol.com/countries/burundi
BDI, Burundi News and background information.,"IRIN
Africa: Burundi",https://www.irinnews.org/africa/east-africa/burundi
KHM," Local News in Khmer, English and French.",Agence Kampuchea Presse,http://www.akp.gov.kh/?cat=1
KHM, Official news published by the Cabinet of Prime Minister Samdech Hun Sen.,Cambodia New Vision,http://www.cnv.org.kh/
KHM, Cambodian portal with local news.,Khmer Kampong Speu,http://www.khmertimeskh.com/
KHM, Cambodia's daily English-language newspaper.,Phnom Penh Post,http://www.phnompenhpost.com/
KHM,,CTN,http://www.ctn.com.kh/
KHM, Online TV from Cambodia.,KhmerTV,http://khmertv.com/
KHM, Cambodian Television and radio channels.,MekongTV,http://mekongtv.net/
KHM, With links to Cambodia related news and background information.,BBC News Country Profile: Cambodia,http://news.bbc.co.uk/1/hi/world/asia-pacific/country_profiles/1243892.stm
KHM, Reuters news.,"Reuters AlertNet -
Cambodia recovery",http://www.alertnet.org/db/crisisprofiles/KH_REC.htm
KHM, Amnesty International Reports.,Amnesty International: Cambodia,https://www.amnesty.org/en/countries/asia-and-the-pacific/cambodia/
KHM, Background Briefings. ,Human Rights Watch: Cambodia,https://hrw.org/doc/?t=asia&c=cambod
KHM, Annual report 2017 about Press freedom in the country. ,Reporters sans fronti¨¨res - Cambodia,https://rsf.org/en/cambodia
CMR, Local and international news. ,Cameroon-Info.Net,http://www.cameroon-info.net/
CMR,,Camerounlink,http://www.camerounlink.net/
CMR, State-owned daily. ,Cameroon Tribune,http://www.cameroon-tribune.cm/
CMR,,La Nouvelle Expression,http://www.lanouvelleexpression.info/
CMR," Daily, published in Douala.",Le Messager,http://quotidienlemessager.net/
CMR,,The Post,http://www.postnewsline.com/
CMR, State run station.,Cameroon Radio Television (CRTV),http://www.crtv.cm/
CPV,,News,news.html
CPV, CV news.,A Semana,http://www.asemana.publ.cv/
CPV, Island news (in Portuguese),Expresso das Ilhas,http://www.expressodasilhas.sapo.cv/
CPV," News from Cape Verde, Angola, Guinea-Bissau, Mozambique, Sao Tome and Pr¨ªncipe (in Portuguese)",VisaoNews.com,http://www.visaonews.com/
CPV,,Radioteleviso Caboverdiana,http://www.rtc.cv/
CAF,,Agence Centrafrique Presse,http://www.acap.cf/
CAF, Central African Republic Radio station broadcasting in French and Sango.,Radio Ndeke Luka,http://www.radiondekeluka.org/
CAF,,"allAfrica.com:
Central African Republic",http://allafrica.com/centralafricanrepublic/
CAF,,IRIN,https://www.irinnews.org/africa/east-africa/central-african-republic
TCD, Portal site with Cad news and country information.,Ialtchad Presse,http://www.ialtchad.com/
TCD,,Tchadien,http://www.tchadien.com/
TCD, Chad related news.,"AfricaTime:
Tchad",http://en.africatime.com/tchad/pays-une
TCD, Chad related UN news in English and ,"IRIN
News Chad",https://www.irinnews.org/afrique/afrique-de-louest/chad
TCD,,French,http://www.irinnews.org/Frenchfp.asp?SelectRegion=Afrique_de_l_ouest&SelectCountry=Tchad
CHN, China portal with news from China and Hongkong.,China.com,http://english.china.com/
CHN, China and world news.,China Daily,http://www.chinadaily.com.cn
CHN, The Official China Information Center.,"China Internet Information
Center",http://www.china.org.cn/
CHN," The official newspaper of the Central Committee of the Communist Party of China (CCCPC), People's Daily is the most authoritative newspaper in China.",People's Daily,http://english.peopledaily.com.cn/
CHN, Premier English-language newspaper in Shanghai.,Shanghai Daily,http://www.shanghaidaily.com/
CHN, China News. (in Chinese),Sing Tao Daily,http://www.singtao.com/
CHN," SCMP.com - the online edition of South China Morning Post, a Hong Kong English-language newspaper.",South China Morning Post,http://www.scmp.com/
CHN, Greater China's Business Newspaper.,The Standard,http://www.thestandard.com.hk/
CHN, The Chinese News Agency.,Xinhua,http://www.xinhua.org/
CHN," Now renamed to China Network Television (China Network Television), CCTV is the one of the most important TV stations in China.",China Central Television,http://www.cntv.cn/
CHN, CRI Online provides News and Information from and about China. ,China Radio International,http://gb.cri.cn/
CHN, ,BBC News China,https://www.bbc.com/news/world/asia/china
COL, Colombia News.,El Colombiano,http://www.elcolombiano.com/
COL, National and international news.,El Diario On-Line,http://www.eldiario.com.co
COL, The oldest newspaper in Colombia. ,El Espectador,http://www.elespectador.com/
COL, Colombia News,El Mundo,http://www.elmundo.com/
COL, Domestic and international news. ,El Tiempo,http://www.eltiempo.com/
COL," Noticias econ¨®micas, business news Colombia.",Portafolio,http://www.portafolio.com.co/
COM, Comoros online weekly news (in French),Al Watwan,http://www.comores-online.com/al-watwan/
COM, Comoros related news (in French),"Comores
Info",http://www.comores-online.com/Comores-infosweb/index.htm
COM, News and information covering the Mozambique Channel region (in French).,Le Canal,http://www.le-canal.com/
COM,,Office de Radio T¨¦l¨¦vion des Comores,http://www.radiocomores.km/
COM,,Radio Ocean Indien,http://www.radioceanindien.fr/
COD, Recent news from the DR Congo (in French).,Congo Vision,http://www.congovision.com/
COD,,Groupe de Presse L'Avenir,http://groupelavenir.org/
COD,,Le Potentiel,https://www.lepotentielonline.com/
COD, Online version of the newspaper (in French),Le Soft International,http://www.lesoftonline.net/
COD,,"
Digitalcongo.net",http://www.digitalcongo.net/
COD, SIte of the radio station with current news (in French),Radio Okapi,http://www.radiookapi.net/
COD, Africa news by BBC. ,BBC News Africa,http://news.bbc.co.uk/2/hi/africa/
COD,,CongoDaily,http://www.congodaily.com/
COD, Great Lakes region and DRC recent news by the UN press agency. ,"IRIN
News Africa",https://www.irinnews.org/africa
COD,,"Reuters AlertNet
- Democratic Republic of the Congo",http://news.trust.org/search/?q=Congo+DRC&sbd=1
COD, Washington Post article about the effects on the country by the dead of longtime Congolese opposition leader tienne Tshisekedi.,The Washington Post: Did Congo¡¯s crisis just get a lot worse?,https://www.washingtonpost.com/news/monkey-cage/wp/2017/02/03/why-democracy-in-congo-is-so-hard-to-achieve/?utm_term=.3e071b00a19d
COG,,"Congopage
",http://www.congopage.com/
COG, Congo-Brazzaville news (in French).,"Les D¨¦p¨ºches
de Brazzaville -L'Agence d'Information de l'Afrique Centrale",http://www.lesdepechesdebrazzaville.fr/
COG,,MwindaPress,http://www.mwinda.org/
COG, Kinshasa based radio sttion with recent Congo news (in French).,Radio Okapi,http://www.radiookapi.net/
COG,,"ReliefWeb:
Congo",http://reliefweb.int/country/cog
CRI, Costa Rica Newspaper.,La Naci¨®n Digital,http://www.nacion.co.cr/
CRI, Costa Rica News.,La Prensa Libre,http://www.prensalibre.co.cr/
CRI, National and international news. (Spanish),La Republica,http://www.larepublica.net/
CRI, English-language weekly.,The Tico Times,http://www.ticotimes.net/
CIV,,News,news.html
CIV, With news from Cte d'Ivoire (in French),abidjan.net,http://www.abidjan.net/
CIV, Cte d'Ivoire news (in French) ,Fraternit¨¦ Matin,http://news.abidjan.net/presse/fratmat.htm
CIV, More news from Cte d'Ivoire (in French) ,Le Patriote,http://www.lepatriote.net/
CIV, Ivory Coast news (in French),Soir Info,http://www.soirinfo.com/
CIV, by allAfrica.com,"Cte d'Ivoire
Top News",http://allafrica.com/cotedivoire/
CIV,,"Reuters
AlertNet - Ivory Coast",http://www.alertnet.org/db/cp/ivory_coast.htm
CIV, Article about a textbook case of army mutiny in Ivory Coast.,The Washington Post: Ivory Coast,https://www.washingtonpost.com/news/monkey-cage/wp/2017/01/10/the-events-in-ivory-coast-last-week-were-a-textbook-case-of-mutiny/?utm_term=.65fec5b8924f
HRV, Croatian News Agency covers Croatia related news also in English.,HINA,http://www.hina.hr/
HRV, Croatian daily newspaper published in Zagreb (in Croatian),24sata,http://www.24sata.hr/
HRV, Daily news coverage (in Croatian),Glas Istre,http://www.glasistre.hr/
HRV," Croatian news - daily, Zagreb (in Croatian)",Jutarnji,http://www.jutarnji.hr/
HRV, Weekly magazine with national and international news (in Croatian),Nacional,http://www.nacional.hr/
HRV,,Novi List,http://www.novilist.hr/
HRV, Daily news (in Croatian),Vecernji list,http://www.vecernji-list.hr/
CUB, Cuban based press agency.,"Agencia Informativa Latinoamericana
S.A.",http://www.prensa-latina.cu/
CUB, Cuban News Agency.,Agencia Cubana de Noticias - ACN,http://www.acn.cu/
CUB, General country information and current news.,CubaSi.cu,http://www.cubasi.cu/
CUB, Granma International Edition with news from Cuba.,Granma Diario,http://www.granma.cu/
CUB, National news (not very up-to-date). ,Radio Habana Cuba,http://www.radiohc.cu/
CUB," US-Florida based site with ""Cuba news from independent journalist on the Island"" (in Spanish, French and English). ",CubaNet News,http://www.cubanet.org/
CUB,,Empresa de Telecomunicaciones de Cuba,http://www.etecsa.cu/
CZE," CTK the national ""public law"" news agency.",CTK News,http://www.ctknews.com
CZE, National and international news.,Ceske Noviny,http://www.ceskenoviny.cz/
CZE, The leading Czech daily (in ).,iDNES,http://www.idnes.cz
CZE," Free source of Czech news in English, also delivered by email.",Prague Daily Monitor,http://www.praguemonitor.com
CZE," Issues and events in the Czech Republic, English-language weekly.",The Prague Post,http://www.praguepost.com/
CZE,"News from the Czech Republic, English-language monthly.",The Prague Tribune,http://www.prague-tribune.cz/
CZE,"Ceska televize, the public service television in the Czech Republic.",Czech Television (CT),http://www.ceskatelevize.cz/
CZE," Radio Praha, the international service of Czech Radio, with news in 6 languages. ","Radio
Prague",http://www.radio.cz/
DNK, National daily newspaper based in Copenhagen.,Berlingske,http://www.b.dk/
DNK, Danish daily newspaper specialising in business news. , Brsen,http://borsen.dk/
DNK, The Danish news in English.,The Copenhagen Post,http://www.cphpost.dk/
DNK, National and international news (in Danish),Ekstra Bladet,http://www.ekstrabladet.dk/
DNK, Danish newspaper.,Information,https://www.information.dk/
DNK, Danish webportal (in Danish),Jubii,http://www.jubii.dk/
DNK, A Danish daily.,Jyllands-Posten,http://www.jp.dk/
DNK, Danish daily broadsheet newspaper (in Danish),Politiken,http://politiken.dk/
DNK, The Danish Broadcasting Corporation.,DR Online,https://www.dr.dk/
DNK, Publicly owned television station based in Odense. ,TV 2,http://tv2.dk/
DJI,,News,news.html
DJI, State news agency with Djibouti national and regional news (in French),Agence Djiboutienne d'Information,http://www.adi.dj/
DJI, A government-owned daily (in French),La Nation,http://www.lanation.dj/
DJI," Provides news from Djibouti, Somalia and Ethiopia (in English and French)",Djibnet,http://www.djibnet.com/en/
DJI,,"Radiodiffusion T¨¦l¨¦vision
de Djibouti",http://www.rtd.dj/
DMA,,News,news.html
DMA, The Caribbean news portal Dominica Vibes.,Da Vibes,https://www.dominicavibes.dm/
DMA, Dominican community web site provides also regional news.,News Dominica,http://dominicanewsonline.com/news/
DMA,,Dominica Broadcasting Services,http://news.dbcradio.net/
DMA,,Kairi FM,http://www.kairifm.com/
DOM, National and international news (in Spanish).,XXelCaribe,http://www.elcaribe.com.do/
DOM, National News (in Spanish).,Hoy,http://www.hoy.com.do/
DOM, News from the Dominican Republic (in Spanish). ,Listin Digital,http://www.listindiario.com/
DOM, Dominicana News. ,Rinc¨®n Dominicano,http://rincondominicano.com/
DOM,,Antena Latina,http://www.antenalatina7.com/
DOM, Corporacion Estatal de Radio y Television.,Canal4 RD,http://canal4rd.com/
DOM, Resource for information regarding the Dominican Republic. ,DR1,http://www.dr1.com/
TLS2, Timor Leste (in Tetum).,Diario Nacional,http://www.jndiario.com/
TLS2, East Timor National Newspaper (in Tetum and Portuguese).,Suara Timor Lorosae,http://suara-timor-lorosae.com/
TLS2, Translated to English news from East Timor.,Guide Post,https://www.guideposttimor.com/
TLS2, ,"RTTL Radio-Televiso Timor
Leste",http://rttlep.tl/en/
TLS2, With links to Timor-Leste related news and background information.,"BBC
News Country Profile: East Timor",http://news.bbc.co.uk/1/hi/world/asia-pacific/country_profiles/1508119.stm
TLS2, Provides up-to-date news. ,"East Timor Action Network/U.S.
Homepage",http://www.etan.org/
TLS2, Reuters news. ,Reuters AlertNet - East Timor nation-building,http://www.alertnet.org/db/crisisprofiles/TP_NAT.htm
TLS2, The Guardian with news on Timor-Leste. ,The Guardian: East Timor,https://www.theguardian.com/world/timor-leste
TLS2, Amnesty International Reports.,Amnesty International: Timor-Leste,https://www.amnesty.org/en/countries/asia-and-the-pacific/timor-leste/
TLS2, Background Briefings.,Human Rights Watch: Timor-Leste,https://hrw.org/doc/?t=asia&c=eastti
TLS2, Annual report about Press freedom in the country. ,Reporters sans fronti¨¨res - Timor-Leste,https://rsf.org/en/east-timor
ECU,,News,news.html
ECU,,RSF,https://rsf.org/en/ecuador
ECU," National and international news, Quito (Espaol).",La Hora,https://www.lahora.com.ec/
ECU," National and international news, Quito (Espaol).",Hoy Digital,http://www.hoy.es/
ECU," National and international news, Guayaquil (Espaol).",El Tel¨¦grafo,http://www.telegrafo.com.ec/
ECU," National and international news, Guayaquil (Espaol). ",eluniverso.com,http://www.eluniverso.com/
SLV,,News,news.html
SLV, El Salvador News paper (in Spanish),El Diario de Hoy,http://www.elsalvador.com/
SLV, Weekly with local and Latin American news (in Spanish),El Faro,http://www.elfaro.net/
SLV,,Diario Co Latino,http://www.diariocolatino.com/
SLV, El Salvador News (in Spanish). ,Diario El Mundo,http://www.elmundo.com.sv/
SLV, El Salvador News paper (in Spanish),La Prensa Gr¨¢fica,http://www.laprensagrafica.com/
SLV,,Agape TV,http://www.agapetv8.com/
SLV, Canal Cuatro (Canal 4),Canal 12,http://www.canal12.com.sv/
SLV,,Telecorporaci¨®n Salvadorea,http://esmitv.com/
SLV, Group of ,Corporaci¨®n YSKL,http://www.radioyskl.com/quienes-somos
GNQ,,Reporters Without Borders,https://rsf.org/en/ranking
GNQ, Equatorial Guinea news section of the government website.,Equatorial Guinea News,http://www.guineaecuatorialpress.com/buscador.php?cat=11
GNQ, Monthly magazine.,La Gaceta de Guinea Ecuatorial,http://www.lagacetadeguinea.com/
GNQ,,Gaceta de Guinea,http://www.gacetadeguinea.com/
GNQ, Current news provided by Afrol News.,"Afrol
News",http://www.afrol.com/countries/equatorial_guinea
GNQ," Equatorial Guinea news (in English, French, Portugues and Arabic).",Panapress,http://www.panapress.com/paysindexlat.asp?code=eng017
GNQ, Latest news from Equatorial Guinea by the UN humanitarian news and information service. ,"IRIN
News Equatorial Guinea",http://www.irinnews.org/Country/GQ/Equatorial-Guinea
ERI,,CPJ - the The Committee to Protect Journalists,https://www.cpj.org/attacks04/africa04/eritrea.html
ERI,,Reporters Without Borders,http://en.rsf.org/eritrea.html
ERI," ""Welcome to the real Eritrean website"". ",Alenalki,http://www.alenalki.com/
ERI, Eritrea News in Tigrinia and English.,News Asmarino Com,http://asmarino.com/
ERI," Eritrean Community OnLine Network, provides up-to-date Eritrean related news from various sources.",DEHAI,http://www.dehai.org/
ERI,,Shabait,http://www.shabait.com/
ERI, Eritrea related news from The Guardian.,The Guardian - Eritrea ,https://www.theguardian.com/world/eritrea
ERI, UN humanitarian news and information service with recent news on Eritrea. ,www.IRINnews.org,http://www.irinnews.org/Country/ER/Eritrea
EST, Estonian News (in Estonian).,Eesti Ekspress,http://www.ekspress.ee/
EST, Baltic and Estonian News (in Estonian).,Eesti Pevaleht,http://www.epl.ee/
EST, Baltic and Estonian News (in Estonian). ,SL htuleht,http://www.sloleht.ee/
EST,,Baltic News Service,http://www.bns.ee/
EST, ERR News - Estonian Public Broadcasting News in English,Eesti Televisioon,http://news.err.ee/
FRO, Faroese national newspaper (in Faroese).,Dimmaltting,http://www.dimma.fo/
FRO, Faroese national newspaper (in Faroese). ,Sosialurin,http://www.sosialurin.fo/
FRO, Faroese portal with news feed (in Faroese). ,Portal.fo - froyski portalurin,http://www.portal.fo/
FRO," run by world news network, has some Faroe Islands related news. ",Faroe Times,http://www.faroetimes.com/
FRO," Broadcasting Faroe Islands, the Faroese Radio and Television. ",Kringvarp Froya,http://kvf.fo/
FJI,,News,news.html
FJI, Fiji Islands News.,fijilive.com,http://www.fijilive.com/
FJI, Fiji Times online news.,Fiji Times,http://www.fijitimes.com/
FJI, Fiji news. ,Fijivillage.com,http://www.fijivillage.com/
FJI, Pacific Islands related News.,"Pacific
Islands Report",http://pidp.eastwestcenter.org/pireport/text.shtml
FJI,,Pacific Islands News Association,http://www.pina.com.fj/
FJI,,Radio Fiji,http://rf1.fbc.com.fj/
FIN, International Edition.,Helsingin Sanomat,http://www.helsinki-hs.net/
FIN, Daily news updates.,NewsRoom Finland,http://virtual.finland.fi/news/
FIN, ,Finnish News Agency STT,http://www.stt.fi/
FIN, English language headline news. ,"News from Finnish News
Agency STT",https://finland.fi/news/
FIN, With Links to Finnish Newspapers.,Finnish Newspapers Association,http://www.sanomalehdet.fi/
FIN,,YLE Radio Finland,http://yle.fi/
GUF, News from Saint-Laurent du Maroni and French Guiana (in French).,97320.com,http://www.97320.com/
GUF, The little Journal of Kourou (in French).,blada,http://www.blada.com/
PYF,,News,news.html
PYF, Tahiti news magazine (in French).,Tahiti Pacifique,http://www.tahiti-pacifique.com/
PYF, Tahitian press agency. ,tahitipresse,http://www.tahitinews.co/
GAB," Radio Africaine, a pan-African broadcaster based in Gabon (in French).",Africa No1,http://www.africa1.com/
GAB, Gabon related website with news from the country (in French),XXGabon Flash,http://www.flashgabon.com/
GAB, Gabon related news by the UN news agency.,"IRIN
News",https://www.irinnews.org/afrique/afrique-de-louest/gabon
GMB,"<a href=""press_freedom.htm"">2016 World Press Freedom Index</a>",Reporters Without Borders,https://rsf.org/en/ranking
GMB,,2016 World Press Freedom Index,press_freedom.htm
GMB, Daily news from the region (Banjul).,Daily Observer,https://observergm.com/
GMB, Gambian newspaper.,The Daily News,http://dailynews.gm/
GMB, Private newspaper published twice weekly (Serrekunda).,Foroyaa Newspaper,http://www.foroyaa.gm/
GMB, National and regional news from the Gambian newspaper.,The Point,http://www.thepoint.gm/
GMB, Gambia related article by the UN news agency.,IRIN News: The challenge of building ¡°New Gambia¡±,http://www.irinnews.org/feature/2016/12/06/challenge-building-¡°new-gambia¡±
GMB, A List of Gambian radio stations broadcasting on the internet.,Gambia Radio Stations,https://thegambiaradio.com/
GMB, Radio Free Gambia on Facebook with general information about The Gambia in English. ,Radio Free Gambia - RFG,https://www.facebook.com/GBroadcastProject/
GEO, A daily newspaper. (in Georgian),The Georgian Times,http://www.geotimes.ge/
GEO, Independent news gathering organization. (in Georgian),Prime News Agency,http://eng.ghn.ge/
GEO, Georgia related news.,Georgian Journal,https://www.georgianjournal.ge/
GEO, Media.ge is the first and so far the only Georgian resource covering only Georgian media issues. ,Media.ge,http://www.media.ge/en/
GHA,,News,news.html
GHA," Major news source with news, commentaries, business, sports and entertainment. ",All Ghana News,http://allghananews.com/
GHA, Ghana news online.,Ghanaian Chronicle,http://thechronicle.com.gh/
GHA,,Daily Guide Africa,http://dailyguideafrica.com/
GHA,,The Ghanaian Times,http://www.ghanaiantimes.com.gh/
GHA, Find Ghana related news. ,Google News Search,https://news.google.com/news?q=Ghana
GRL,,News,news.html
GRL, Regional news.,The Arctic Journal,http://arcticjournal.com/
GRL, Greenland magazine.,Greenlandtoday,http://greenlandtoday.com/
GRL, Greenland news (in Dansk).,Kamikposten - Nyheder,http://www.kamikposten.dk/
GRL, One of two national newspapers in Greenland (in Dansk).,Sermitsiaq,http://sermitsiaq.ag/
GRL,,Kalaallit Nunaata Radioa,http://www.knr.gl/
GRD,,Grenada Broadcast,http://www.grenadabroadcast.com/
GRD," Provides limited radio stream, news and forum. ","Grenada Broadcasting
Network",http://www.klassicgrenada.com/
GLP, Guadeloupe news (in French),France-Antilles,http://www.guadeloupe.franceantilles.fr/
GLP, St. Martin newspaper.,Daily Herald,http://www.thedailyherald.com/
GLP, Local news of Baie Mahault. (in French),"l'Actualit¨¦ de la
commune de Baie Mahault",http://www.baie-mahault.net/
GLP, News from French Caribbean. (in French),Radio Caraibes International,http://www.rci.fm/
GLP,,Radio Saint Barth,http://www.radiostbarth.com/
GLP, Public TV station. ,France T¨¦l¨¦visions Guadeloupe,https://la1ere.francetvinfo.fr/guadeloupe/
GUM, Local news from Guam. ,Pacific Daily News,http://www.guampdn.com/
GUM, Island News.,Kuam,http://kuam.com/
GUM, Public island PBS station.,PBS Guam,http://pbsguam.org/
GTM,,News,news.html
GTM,,elPeri¨®dico,http://www.elperiodico.com.gt/
GTM, Guatemala News (in Spanish).,La Hora,http://lahora.gt/
GTM, Guatemala News (in Spanish).,Prensa Libre,http://www.prensalibre.com/
GTM, Guatemala's English-language Magazine.,Revue,http://www.revuemag.com/
GTM," Siglo Veintiuno, a Guatemala daily newspaper (in Spanish)",SigloXXI,http://www.diariosigloxxi.com/
GIN,,News,news.html
GIN, The Guinean Press Agency.,Agence Guin¨¦enne de Presse,http://www.agpguinee.org/
GIN, Guinea news online. ,Conakry Live,http://www.conakrylive.info/
GIN, Derni¨¨res nouvelles de la Guin¨¦e. ,Guin¨¦enews,http://guineenews.org/
GIN, And more Guinea news.,Guineeinfos,http://guineeinfos.org/
GIN, Daily news from Guinea.,Focus Guinee,http://www.focusguinee.info/
GIN, Guinea Latest News.,allAfrica.com: Guinea,http://allafrica.com/guinea/
GNB,,News,news.html
GNB,,Ag¨ºncia de Not¨ªcias da Guin¨¦,http://ang.gw/
GNB,,"allAfrica.com: Guinea
Bissau",http://allafrica.com/guineabissau/
GNB, Some old news. ,Gazeta de Noticias,http://www.gaznot.com/
GNB, News from Guinea-Bissau provided by the UN news agency.,"IRIN
News",http://www.irinnews.org/afrique/afrique-de-louest/guinea-bissau
GNB, Guinea-Bissau related news (in Portuguese),Not¨ªcias Lus¨®fonas: Guinea-Bissau,http://www.noticiaslusofonas.com/view.php?catogory=Guin%E9%20Bissau
GUY,,News,news.html
GUY,,RFS,https://rsf.org/en/guyana
GUY, Guyana's Government's communication and information agency.,"The Government Information Agency
(GINA)",http://www.gina.gov.gy/
GUY, Guyana News.,Guyana Chronicle,http://www.guyanachronicle.com/
GUY, Guyana private daily.,Kaieteur News,http://www.kaieteurnewsonline.com/
GUY, Local News.,Stabroek News,http://www.stabroeknews.com/category/guyana-review/
GUY, News magazine online.,Weekend Mirror,http://www.mirrornewsgy.com/
HTI, The Haitian Press Agency.,"L'Agence Hatienne de
Presse",http://www.ahphaiti.org/
HTI, Weekly News from Haiti (French).,Hati en Marche,http://www.haitienmarche.com/
HTI, Haiti News.,Haitian Times,http://www.haitiantimes.com/
HTI, Haiti News.,Hati Progr¨¨s,http://www.haiti-progres.com/
HTI, The scholarly journal of democracy and human rights. ,Wehaitians.com,http://www.wehaitians.com/
HTI, Daily news and current events.,Haiti Star,http://www.haitistar.com/
HTI, News agencies current news on Haiti. ,"Yahoo! News
Full Coverage-Haiti News",http://dailynews.yahoo.com/fc/World/Haiti/
VA,,News,news.html
VA," Daily news and Documentation, daily bulletins.","Holy
See Press Office",http://www.vatican.va/news_services/press/index.htm
VA, Pontifical Mission Society news service - Congregation news.,Agenzia Fides,http://www.fides.org/
VA," Magazine on what is going on ""Inside The Vatican"".",InsideTheVatican,http://www.insidethevatican.com/
VA, A Vatican daily.,"L'Osservatore
Romano",http://www.osservatore-romano.de/
VA, CNS is the primary source of national and world news that appears in the U.S. Catholic press.,Catholic News Service,http://www.catholicnews.com/
VA," International News Agency covering events, documents and issues from or concerning the Catholic Church. ",Zenit,http://www.zenit.org/
VA, Radio Vatican.,Radio Vaticana,http://www.vaticanradio.org
VA, Vatican Television Center ,Centro Televisivo Vaticano CTV,http://www.ctv.va/
HND, Tiempo Digital - National and international news (Spanish),El Tiempo,http://www.tiempo.hn
HND, National and international news.,Honduras This Week,http://www.marrder.com/htw/
HND, Hondura news (Spanish),La Prensa,http://www.laprensa.com.ni/
HND, National and international news (Spanish) ,La Tribuna,http://www.latribuna.hn/
HUN, Hungarian News Agency.,Magyar T¨¢virati Iroda Rt.,http://www.mti.hu
HUN, Hungarian news site.,hvg.hu,http://hvg.hu/
HUN, National and international news.,Budapest Times,http://budapesttimes.hu/
HUN, Budapest Online magazine.,Budapest Week,http://www.budapestweek.hu/
HUN, English-language non-partisan online news source.,Hungarian Free Press,http://hungarianfreepress.com/
HUN, English-language journal. ,The Hungarian Quarterly,http://www.thehungarianquarterly.com/
ISL, Daily news from Iceland.,Iceland Magazine,http://icelandmag.visir.is/
ISL, Iceland news magazine (in English),Iceland Monitor,http://icelandmonitor.mbl.is/
ISL, Various Icelandic news outlets.,mbl.is,https://secure.mbl.is/
ISL, Icelandic news paper (in Icelandic),Morgunbladid,https://secure.mbl.is/
ISL, National and international news (in Icelandic) ,V¨¬sir.is,http://www.dv.is/
IRQ, Iraq and Middle East news.,Al Bawaba,http://albawaba.com/en/countries/Iraq
IRQ, Provides comprehensive information about Iraq and the Middle East.,Aljazeera.Net,http://english.aljazeera.net/
IRQ,,Al-Sabaah,http://www.alsabaah.com/
IRQ,"London-based daily, a domestic edition is printed in Baghdad and Basra, its English-language pages offers heavy but naive critic on operations of the allied forces in Iraq and elsewhere.",Azzaman,http://www.azzaman.com/english/
IRQ,Baghdad daily.,Al-Mada,http://www.almadapaper.com/
IRQ,Basra daily.,Al-Manarah,http://www.almannarah.com/
IRQ,(English: Where the Sun Rises) a Baghdad daily.,Al-Mashriq,http://www.al-mashriq.net/
IRQ,Baghdad daily.,Ad-Dustur,http://www.daraddustour.com/
IRQ, ,Nahrain,http://www.nahrain.com/
IRQ,,Radio Free Iraq,http://www.iraqhurr.org/
IRQ, Provides also links to Iraq related news and background information.,BBC News Country Profile: Iraq,http://news.bbc.co.uk/1/hi/world/middle_east/country_profiles/791014.stm
IRQ, Iraq special report and latest news.,"Guardian Unlimited (UK)
- Special report: Iraq",http://www.guardian.co.uk/Iraq/
IRQ,"Guardian Unlimited series of leaked reports on the war in Iraq is based on 391,832 previously secret US military field reports and details the unvarnished and often unknown realities of the war in Iraq.",Iraq: The war logs,http://www.guardian.co.uk/world/iraq-war-logs
IRQ,,Iraq Daily,http://www.iraqdaily.com/
IRQ, Egypt based - with Middle East news. ,Middle East Times,http://www.metimes.com/
IRQ, Reuters news. ,Reuters AlertNet - Iraq in turmoil,http://www.alertnet.org/db/crisisprofiles/571273.htm
IRQ, UN News about the situation in Iraq. ,"UN
News Center",http://www.un.org/apps/news/infocusRel.asp?infocusID=50&Body=Iraq&Body1=inspect
IRQ, Press agencies news on Iraq.,Yahoo! News Full Coverage-Iraq,https://news.yahoo.com/fc/World/Iraq
CIV2,,News,news.html
CIV2, With news from Cte d'Ivoire (in French),abidjan.net,http://www.abidjan.net/
CIV2, Cte d'Ivoire news (in French) ,Fraternit¨¦ Matin,http://news.abidjan.net/presse/fratmat.htm
CIV2, More news from Cte d'Ivoire (in French) ,Le Patriote,http://www.lepatriote.net/
CIV2, Ivory Coast news (in French),Soir Info,http://www.soirinfo.com/
CIV2, by allAfrica.com,"Cte d'Ivoire
Top News",http://allafrica.com/cotedivoire/
CIV2,,"Reuters
AlertNet - Ivory Coast",http://www.alertnet.org/db/cp/ivory_coast.htm
CIV2, Article about a textbook case of army mutiny in Ivory Coast.,The Washington Post: Ivory Coast,https://www.washingtonpost.com/news/monkey-cage/wp/2017/01/10/the-events-in-ivory-coast-last-week-were-a-textbook-case-of-mutiny/?utm_term=.65fec5b8924f
JAM,,1,https://www.bbc.com/news/world-latin-america-18784064
JAM, Biggest national news paper offers Jamaica News and country information.,Jamaica Gleaner,http://www.jamaica-gleaner.com/
JAM, Jamaica News.,The Jamaica Observer,http://www.jamaicaobserver.com/
JAM, More Jamaican News. ,The Jamaica Star,http://www.jamaica-star.com/
JAM,,Radio Jamaica,http://www.radiojamaica.com
JOR, Jordan daily newspaper (in Arabic).,Ad-Dustour Newspaper,http://www.Addustour.com/
JOR, National and international news (in Arabic).,Al-Ra'i,http://www.alrai.com/
JOR, Jordan's English-language daily newspaper.,Jordan Times,http://www.jordantimes.com/
JOR, The Jordan News Agency.,Petra News Agency,http://www.petra.gov.jo/
KAZ, Kazakhstans Business news (in Kazakh),Delovaya Nedelya,http://www.dn.kz/
KAZ, Biweekly English-language newspaper.,The Astana Times,http://astanatimes.com/
KAZ, Private newspaper in Russian-language.,Ekspress-K,http://www.express-k.kz/
KAZ, National daily newspaper online.,Kazakhstanskaya Pravda,http://www.kazpravda.kz
KAZ, Kazakhstan weekly news (Russian),Panorama,http://panoramakz.com/
KAZ, Information Center Kazakhstan (in Russian). ,Press Club,http://www.pressclub.kz/
KAZ, Online news with English-language pages.,Gazeta.kz,http://eng.gazeta.kz/
KAZ, Service of Russian news agency Interfax.,Interfax Kazakhstan,https://www.interfax.kz/?lang=eng
KAZ,,Kazinform,http://www.inform.kz/indexeng.html
KAZ," Provides also news in Kazakh, Russian and English.",Caspionet,http://www.caspionet.kz/
KAZ, Broadcasting Company and News Agency of Kazakhstan.,Khabar,http://www.khabar.kz/
KEN,,News,news.html
KEN, Kenya's biggest daily paper.,Daily Nation,http://www.nationmedia.com/
KEN, The East African Online Edition.,The Standard,http://www.eastandard.net
KEN, Kenyan weekly news.,"The
East African",https://www.theeastafrican.co.ke/
KEN,,Kenya Broadcasting Corporation,http://www.kbc.co.ke/
KIR, Australia based Pacific Islands News and Information. ,The CocoNET Wireless,http://www.uq.edu.au/coconet/
KIR, Pacific Islands related News.,"Pacific
Islands Report",http://pidp.eastwestcenter.org/pireport/text.shtml
PRK, Responsible for North Korea's news.,Korean Central News Agency (KCNA),http://www.kcna.kp/
PRK, Supreme Leader's Activity In DPRK.,The Rodong Sinmun,http://www.rodong.rep.kp/en/
PRK, Official news from the DPRK. ,Naenara,http://www.naenara.com.kp/en/
PRK," Organ of the pro-North Korea representative body, with seat in Japan.",The Choson Sinbo,http://chosonsinbo.com/
PRK," State-run external service, web pages in several languages. ",Voice of Korea,http://www.vok.rep.kp/CBC/
PRK," North Korea news with US background, headquartered in Seoul.",NK News,https://www.nknews.org/
PRK, Online newspaper with North Korea related news based in Seoul.,Daily NK,https://www.dailynk.com/
PRK,,"You
want to know why North Korea did it? It's their economy, stupid . . .",https://www.nytimes.com/2016/09/09/world/asia/north-korea-nuclear-test.html?_r=0
PRK,,"China's
'nightmare scenario'",http://news.bbc.co.uk/2/hi/asia-pacific/6036595.stm
KOR, Daily News in English about Korea.,Chosun Ilbo,http://english.chosun.com/
KOR,,JoongAng Daily,http://www.joongang.co.kr/
KOR,,English edition,http://koreajoongangdaily.joins.com/
KOR,,Korea Herald,http://www.koreaherald.co.kr/
KOR, The Korea Times Online News.,Korea Times,http://www.koreatimes.co.kr/
KOR, Korean News Agency. ,Yonhap News Agency,http://www.yonhapnews.co.kr/
KOR, National and international news by Korean Broadcasting System. ,KBS Global,http://english.kbs.co.kr/
KGZ, Kyrgyzstan News Agency.,AKI press,http://www.akipress.com/
KGZ, Kyrgyz National Agency of Telecommunication and Information.,Kabar News Agency,http://kabar.gov.kg/
KGZ, Private daily (in Russian).,Moia Stolitsa Novaia MSN,http://www.msn.kg/
KGZ, Kyrgyz News (in Kyrgyz).,Res Publica,http://www.respublica.elcat.kg/
KGZ,,Vecherniy Bishkek,http://www.vb.kg/
LAO,,News,news.html
LAO,,Reporters Without Borders: Laos,https://rsf.org/en/laos
LAO, Lao News Agency.,Khaosan Pathet Lao,http://kpl.gov.la/EN/
LAO, Online news (in Lao),Vientiane Mai,http://www.vientianemai.net/
LAO," Official news from Laos, English-language weekly.",Vientiane Times,http://www.vientianetimes.org.la/
LAO, News headlines (pdf format in Lao) ,Pasaxon,http://www.pasaxon.org.la/
LAO," French language news paper, Vientiane.",Le R¨¦novateur,http://www.lerenovateur.la/
LAO, US based site with Lao news and information.,VientianeTimes.com,http://www.vientianetimes.com/Headlines.html
LAO,,Lao National Radio,http://www.lnr.org.la/
LAO,,Radio Free Asia,http://www.rfa.org/english/
LAO, Press agencies news on Laos ,Google News Laos,https://news.google.com/news?hl=en&q=Laos
LAO, Background Briefings. ,Human Rights Watch: Laos,https://www.hrw.org/asia/laos
LAO, Annual report 2015 about Press freedom in the country. ,Reporters sans fronti¨¨res - Laos,https://rsf.org/fr/laos
LVA,,1,https://www.bbc.com/news/world-europe-17528622
LVA,,2,https://rsf.org/en/latvia
LVA,,3,https://www.theguardian.com/world/2017/sep/05/west-failing-to-tackle-russian-hacking-and-fake-news-says-latvia
LVA, News from the Baltic Region.,The Baltic Times,http://www.baltictimes.com/
LVA, Latvian news magazine (in Latvian) ,Delfi,http://www.delfi.lv/
LVA, National news (in Latvian),Diena,http://www.diena.lv/
LVA, Daily news.,nra.lv,http://nra.lv/
LVA, Latvian News Agency.,LETA News Agency,http://www.leta.lv/eng
LVA, Latvia news by the Guardian.,Latvia - The Guardian,https://www.theguardian.com/world/latvia
LVA," International Latvian site with news reports, current affairs and interviews.",Latvians Online,http://www.latviansonline.com/
LVA, Digital news channel in Latvia.,"Play
24",http://play24.lv/
LVA, Commercial tv channel owned by Sweden's MTG.,TV3,https://skaties.lv/tv3/
LSO, Official Lesotho News.,LENA-Lesotho News Agency,http://www.lena.gov.ls/
LSO, News from Lesotho.,Public Eye,http://www.publiceyenews.com/
LSO," Leading newspaper from South Africa, covers all Africa with current information.",Mail & Guardian,http://www.mg.co.za/
LBR,,News,news.html
LBR, Liberian news published in Monrovia.,The Inquirer,http://www.theinquirer.com.lr/
LBR, Private daily news published in Monrovia.,The New Dawn,http://www.thenewdawnliberia.com/
LBR, Daily Observer newspaper online.,Daily Observer,https://www.liberianobserver.com/
LBR, Monrovia based Liberian newspaper online.,FrontPage Africa,http://www.frontpageafricaonline.com/
LBR, US based online news.,The Liberian Times.com,http://theliberiantimes.weebly.com/
LBR, TLC Africa Internet Magazine.,The Liberian Connection,http://www.tlcafrica.com/
LBR, Newsmagazine covers Liberian issues from politics to the environment.,The Perspective,http://www.theperspective.org/
LBR," Independent and non-political Internet Magazine, dedicated to the promotion of Liberia in west Africa.",Liberian Post,http://liberian.tripod.com/
LBR,,Liberia Broadcasting System,http://elbcradio.com/
LBR, US based african news site. ,"allafrica.com - Liberia
News",http://allafrica.com/liberia/
LBR, UN agency with news coverage West Africa.,"IRIN
News West Africa",https://www.irinnews.org/afrique/west-africa
LBY, Libya's Official News Provider,"Jamahiria News Agency
(Jana)",http://www.jana-news.ly/
LBY, One of the main dailies in Libya.,Al Fajr al Jadeed,http://www.alfajraljadeed.com/
LBY, Daily newspaper. ,Al Jamahiria,http://www.aljamahiria.com/
LBY, Libyan daily (in Arabic and partly in French),Al Shames,http://www.alshames.com/
LBY, Current News from Libya.,Libya: News and Views,http://www.libya-watanona.com/
LBY, ,Al Jazeera,http://english.aljazeera.net/
LBY,,LJBC,http://www.ljbc.net/
LIE, Regional news (in German),Liechtensteiner Vaterland,http://www.vaterland.li/
LIE, Regional news (in German),Liechtensteiner Volksblatt,http://www.volksblatt.li/
LIE, The local radio station (in German).,Radio Liechtenstein,http://www.radiol.li/
LTU, Lithuanian News Agency.,ELTA,http://www.elta.lt/
LTU, National daily news (in Lithuanian).,Lietuvos rytas,http://www.lrytas.lt/
LTU," Lithuanian daily, Vilnius (in Lithuanian).",Lietuvos Zinios,http://www.lzinios.lt/
LTU, Lithuanian newspaper from Kaunas (in Lithuanian).,Kauno diena,http://www.kaunodiena.lt/
LTU, A political weekly (in Lithuanian).,Veidas,http://www.veidas.lt/
LTU,,Verslo Zinios,http://vz.lt/
LTU," News from Latvia, Estonia and Lithuania.",Baltic Times,http://www.baltictimes.com/
LTU,,"Lietuvos nacionalinis radijas ir
televizija",http://www.lrt.lt/
LTU, Commercial radio station for pop music.,Radiocentras,http://rc.lt/
LUX, Daily news (in French),Tageblatt,http://www.tageblatt.lu/
LUX,,T¨¦l¨¦cran,http://www.telecran.lu/
LUX, Luxembourg news (in German an English),wort.lu,http://www.wort.lu/
LUX, More Luxembourg news (in German),Zeitung vum Ltzebuerger Vollek,http://www.zlv.lu/
LUX,,Woxx,http://www.woxx.lu/
LUX, Radio and Television Luxembourg.,RTL,http://www.rtl.lu/
LUX, Popmusic station.,Eldoradio,http://www.eldoradio.lu/
MAC, Official Macau News.,Government Information Bureau,http://www.gcs.gov.mo/
MAC, Regional and local news (in Portuguese),Jornal Tribuna de Macau,http://www.jtm.com.mo/
MAC, A portal of a Portuguese-language daily.,Ponto Final,http://www.pontofinalmacau.com/
MAC, Macao's main daily (in Chinese),Macao Daily News,http://www.macaodaily.com/
MAC," The Jornal Va Kio, a Chinese-language daily.",Va Kio Daily,http://www.vakiodaily.com/
MAC, Teledifuso de Macau (Macao TV) ,TDM,http://www.tdm.com.mo/
MWI,,News,news.html
MWI,,Freedom House,https://freedomhouse.org/country/malawi
MWI, Malawi News online. ,Malawi Star,https://www.malawistar.com/
MWI, Malawi News.,The Nation,http://mwnation.com/section/news/national-news/
MWI, Malawi online news.,Nyasatimes,https://www.nyasatimes.com/
MWI, Malawi Times online news.,The Times,http://www.times.mw/
MWI, Regional Malawi news provided by allAfrica.com,allAfrica.com Malawi,http://allafrica.com/malawi/
MWI," Malawi radio station, provides news headlines. ",Capital FM Malawi,http://www.capitalradiomalawi.com/
MDV,"<sup>[<a href=""http://maldivesindependent.com/feature-comment/next-is-you-more-death-threats-follow-bloggers-murder-130468"" target=""_blank"">2</a>]</sup>",RSF,https://rsf.org/en/maldives
MDV,,2,http://maldivesindependent.com/feature-comment/next-is-you-more-death-threats-follow-bloggers-murder-130468
MDV," A news website that promotes freedom, democracy and rule of law in the Maldives.",Dhivehi Observer,https://doreview.blogspot.de/
MDV," Maldives news, Maldives' oldest newspaper closed in 2016 after a controversial court into an ownership dispute.",Haveeru daily,http://www.haveeru.com.mv/
MDV, National news posts. ,Miadhu daily,http://www.miadhu.com/
MDV, English-language news website. ,Maldives Independent,http://maldivesindependent.com/
MDV, Maldives news (in Divehi). ,Sun,https://sun.mv/
MLI,,News,news.html
MLI, Mali Headlines by Africa News.,Africa News Mali,http://allafrica.com/mali/
MLI, State-owned national daily published in Bamako provides national and international news. (in French),L'Essor,http://lessor.fr/
MLI, Privately-owned daily. (in French),Info Matin,http://www.lematin.ch/flash-info/
MLI, Mali news. (in French),Maliactu.net,http://maliactu.net/
MLI, News from and about Mali. ,Maliweb.net,http://www.maliweb.net/
MLI,,Agence Malienne de presse et de publicit¨¦,http://www.amap.ml/
MLI,,Office de la Radiodiffusion Television du Mali,http://ortm.ml/
MHL, Australia based Pacific Islands News and Information.,The CocoNET Wireless,http://www.uq.edu.au/coconet/
MHL, Marshall Islands related News from the US.Base.,"Kwajalein
Hourglass",http://www.smdc.army.mil/KWAJ/Hourglass/contents.html
MHL," A News Service Provided by Pacific Islands Development Program/East-West Center, Hawaii.","Pacific Islands
Report",http://pidp.eastwestcenter.org/pireport/
MHL, Marshall Islands portal site with news and views related to the region.,Yokwe Online,http://www.yokwe.net/
MTQ, Caribbean Net News with Caribbean and Martinique related news.,"Caribbean
Net News",http://www.caribbeannetnews.com/
MTQ, Radio Martinique has some regional news (in French). ,"RFO
Martinique",https://la1ere.francetvinfo.fr/martinique/
MEX,,Freedom House,https://freedomhouse.org/report/freedom-press/2015/mexico
MEX, Mexican newspaper.,El Heraldo de Mexico,http://www.elheraldo.co/mexico
MEX, Important Mexican newspaper.,El Universal,http://www.eluniversal.com/daily-news/
MEX, Weekly newspaper with presence in the South of Jalisco.,El Sur,http://www.periodicoelsur.com/
MEX, Pol¨ªtica y cultura en l¨ªnea. ,Etcetera,http://www.etcetera.com.mx/
MEX, National and international news. ,La Cr¨®nica de Hoy,http://www.cronica.com.mx/
MEX, Mexican newspaper.,La Jornada,http://www.jornada.unam.mx/
MEX, National and international news.,Milenio,http://www.milenio.com/
MEX, Mexican Daily.,Reforma,http://www.reforma.com.mx/
MEX, Mexican news. ,Tiempos del Mundo,http://www.tiemposdelmundo.com.mx/
MEX, Mexican news by world news.com.,Mexico Daily,https://wn.com/mexico_daily
MEX,,Mexico News Daily,http://mexiconewsdaily.com/
MEX, News from Mexico. ,The News,http://www.thenews.mx/
MEX, With national and international news (in Spanish) ,CNI en Linea,http://www.cnienlinea.com.mx/
FSM,,News,news.html
FSM, Daily news from the Pacific region.,"Pacific Islands
Report",http://pidp.eastwestcenter.org/pireport/
FSM,,Marianas Variety,http://www.mvariety.com/
FSM, Pacific news.,"Saipan
Tribune",http://www.saipantribune.com/
MDA, National News Agency.,Moldpres,http://www.moldpres.md/
MDA, Focus the development of news media in Moldova.,Media Azi - Independent Journalism Center,http://www.media-azi.md/
MDA, Moldova news in Moldovan and Russian.,Acas - All Moldova,http://www.allmoldova.com/
MDA, Private Moldovan newspaper headquartered in Chisinau.,Jurnal.md,http://www.jurnal.md/
MDA, Moldovan magazine (in Moldovan).,moldova.org,http://www.moldova.org/
MDA, Daily news (in Moldovan).,Moldova Suveran,http://moldova-suverana.md/
MDA, Latest News from Moldova ,Timpul,http://www.timpul.md/en/
MDA, Transnistria government daily news.,Pridnestrovye,http://pridnestrovie-daily.net/
MDA, Private TV station.,JurnalTV,http://jurnaltv.md/
MDA, State run TV station.,Teleradio-Moldova,http://www.trm.md/
MDA, State run Radio Moldova.,TeleRadio Moldova,http://www.trm.md/radio.html
MCO, Daily Monaco related news magazine.,Monaco Life,http://www.monacolife.net/
MCO, News for the Cte d'Azur region (in French). ,Nice Matin,http://www.nicematin.fr/
MCO,,Riviera Insider,http://www.riviera-press.fr/
MNG, Mongolia's National News Agency.,Montsame,http://www.montsame.mn/
MNG, Mongolian independent English weekly newspaper. ,UB POST,http://ubpost.mongolnews.mn/
MNE,,MINA - MNNews,http://www.mina-info.me/
MNE, Montenegro-based daily newspaper (in Serbo-Croatian).,Dan,http://www.dan.co.me/
MNE, Daily news (in Serbo-Croatian).,Dnevne Novine,http://www.dnovine.me/
MNE, Daily newspaper (in Serbo-Croatian).,Republika,http://www.republika.co.id/
MNE, Montenegro's independent daily newspaper with the highest circulation (in Serbo-Croatian).,Vijesti,http://www.vijesti.me/
MNE,,RTCG,http://www.rtcg.me/
MSR, published by the Governor's Office gives you the latest information on what is happening on the Emerald Isle of Montserrat.,Montserrat Newsletter,http://www.montserrat-newsletter.com/
MSR, Weekly Island News.,"The Montserrat
Reporter",http://www.themontserratreporter.com/
MOZ, The official Mozambique News Agency (in Portuguese).,"Mozambique News Agency
(AIM)",http://www.sortmoz.com/aimnews/
MOZ, Mozambique weekly online (in Portuguese).,Fim de Semana,http://www.fimdesemana.co.mz/
MOZ, Weekly journal from Maputo.,Zambeze,http://www.zambeze.co.mz/
MOZ, Mozambique related News. ,allAfrica.com: Mozambique,http://allafrica.com/mozambique/
MOZ,,"IRIN
Africa News",http://www.irinnews.org/frontpage.asp?SelectRegion=Southern_Africa&SelectCountry=Mozambique
MOZ," Leading newspaper from South Africa, covers all Africa with current information. ",Mail & Guardian,http://www.mg.co.za/
MOZ, News from Mozambique by World News Networks. ,Mozambique News,http://www.mozambiquenews.com/
MOZ, State run TV station with news from Mozambique (in Portuguese).,TVM - Televiso de Moambique,http://www.tvm.co.mz/
MOZ, State run radio station provides also news headlines.,"
Radio Moambique",http://www.rm.co.mz/
NRU, Page about the problems of asylum seekers in Australia's detention centres in Nauru and Manus Island.,NauruWire.org,http://www.nauruwire.org/
NRU, Australia based Pacific Islands News and Information.,The CocoNET Wireless,http://www.uq.edu.au/coconet/
NRU, Daily news from the Pacific region.,"Pacific Islands
Report",http://pidp.eastwestcenter.org/pireport/
NLD,,News,news.html
NLD, Dutch Newspaper covers national and international news (in Dutch),Algemeen Dagblad,http://www.ad.nl/
NLD," The biggest newspaper of the Northern Provences, widely respected (in Dutch)",Dagblad van het Noorden,http://www.dvhn.nl/
NLD, Expatriate site with a daily coverage of the main stories in the Dutch media.,"Expatica.com:
Dutch News",http://www.expatica.com/index.asp?item_id=242
NLD," Dutch Newspaper, national and international news (in Dutch)",Het Parool,http://www.parool.nl/
NLD, English language news on and about the Netherlands,HollandNews.nl,http://www.hollandnews.nl/
NLD," Dutch Newspaper, national and international news (in Dutch)",De Telegraaf,http://www.telegraaf.nl/
NLD," Dutch Newspaper, national and international news (in Dutch)",De Volkskrant,http://www.volkskrant.nl/
NLD," News, current affairs and dutch press reviews. ",Radio Netherlands (RN),http://www.rnw.nl/
ANT," Oldest daily newspaper in the Netherlands Antilles In Dutch, partly English). ",Amigoe,http://www.amigoe.com/
ANT,,Bonaire Reporter,http://www.bonairereporter.com/
ANT,,Daily Herald,http://www.thedailyherald.com/
ANT, Antilles news (in Papiamento),La Prensa,http://www.laprensacur.com/
NCL, Regional news (in French).,Les Nouvelles Cal¨¦doniennes,http://www.info.lnc.nc/
NCL, Topix.net's New Caledonia News continually updated from thousands of sources around the net. ,"New Caledonia
News",http://www.topix.net/world/new-caledonia
NIC,,News,news.html
NIC,,Reporters Without Borders,https://rsf.org/en/nicaragua
NIC, National news (in Spanish).,"Bolsa de
Noticias",http://www.bolsadenoticias.com.ni/
NIC, Managua,El Nuevo Diario,http://www.elnuevodiario.com.ni/
NIC, Noticias de Nicaragua.,100% News Noticias ,http://100noticias.com.ni/
NIC, Regional and international news (in Spanish).,La Prensa,http://www.laprensa.com.ni/
NIC, Regional news. ,Trinchera de la Noticia,http://www.trinchera.com.ni/
NER,,News,news.html
NER," Journal Nig¨¦rien, News from Niger (in French).",Le Sahel ,http://www.lesahel.org/
NER,,TamTamInfo,http://www.tamtaminfo.com/
NER, Initiate and/or support activities related to Niger with up-to-date coverage of Niger's 2005 Famine. ,Friends of Niger,http://www.friendsofniger.org/
NER,,IRIN-News,http://www.irinnews.org/frontpage.asp?SelectRegion=West_Africa&SelectCountry=Niger
NGA,,RSF,https://rsf.org/en/nigeria
NGA, Lagos-based privately-owned national daily.,The Guardian,http://ngrguardiannews.com/
NGA, Lagos based daily.,Daily Independent,http://independent.ng/
NGA, Online news covering Nigeria and other African countries.,Daily Post,http://dailypost.ng/
NGA, Abuja-based daily with national and international news.,Daily Trust,https://www.dailytrust.com.ng/
NGA, Abuja-based daily.,Leadership,http://leadership.ng/
NGA," Nigeria breaking news, provided by the Nigerian news and entertainment portal.",NAIJ.com,https://www.naij.com/
NGA, National newspaper with regional and international news.,This Day,http://www.thisdaylive.com/
NGA, Abuja-based daily with national and international news.,The Premium Times,http://www.premiumtimesng.com/
NGA, A widely read newspaper in Nigeria. ,The Punch,http://www.punchng.com/
NGA," Regional news, daily newspaper based in Lagos.",Vanguard,http://www.vanguardngr.com/
NGA, Digital news site with a primary focus on Nigeria.,Today,https://www.today.ng/
NGA, The state-run news agency of Nigeria.,News Agency of Nigeria (NAN),http://www.nan.ng/
MKD,,RSF,https://rsf.org/en/macedonia
MKD, Macedonian news agency - official news and information.,"Macedonian Information
Agency - MIA",http://www.mia.mk/en
MKD, Macedonian news agency.,Makfax,http://makfax.com.mk/
MKD, State subsidized national and regional daily news.,Nova Makedonija,http://www.novamakedonija.com.mk/
MKD, National news (in Macedonian),Vecer,http://vecer.mk/
MKD, A daily newspaper.,Dnevnik,http://www.dnevnik.com.mk/
MKD, Daily news.,Utrinski Vesnik,http://www.utrinski.mk/
MKD, Macedonian daily newspaper.,Vest,http://www.vest.com.mk/
MKD, Journal of Politics - a political magazine.,New Balkan Politics,http://www.newbalkanpolitics.org.mk/
MNP, Local and Pacific Islands news.,Marianas Variety,http://www.mvariety.com/
MNP, CNMI's first daily newspaper. ,Saipan Tribune,http://www.saipantribune.com/
NOR, Norway's largest newspaper with national and international news (in Norwegian and ,Aftenposten,https://www.aftenposten.no/
NOR,,English,https://www.aftenposten.no/english/
NOR,,Dagsavisen,http://www.dagsavisen.no/
NOR, Norway's second largest tabloid newspaper.,Dagbladet,http://www.dagbladet.no/
NOR, Norwegian largest tabloid newspaper. ,Verdens Gang,http://www.vg.no/
NOR, Norway's leading business publication.,Dagens Nringsliv,http://www.dnavis.no/
NOR, Norwegian online news in English.,The Foreigner,http://theforeigner.no/
NOR, Norwegian online portal with news in Norwegian. ,Sol,http://www.sol.no/
PLW,,The Kaselehlie Press ,http://www.kpress.info/
PLW, Australia based Pacific Islands News and Information. ,??The CocoNET Wireless,http://www.uq.edu.au/coconet/
PLW, Pacific Islands related News.,"Pacific
Islands Report",http://pidp.eastwestcenter.org/pireport/text.shtml
PLW, Radio station Palau , Radio Palau 91.7 FM ,http://www.radiopalau.cat/
PSE,,WAFA - Palestine News Agency,http://english.wafa.ps/
PSE, Ramallah-based daily newspaper (in Arabic),Al-Ayyam,http://www.al-ayyam.com/
PSE, Official National Authority Newspaper. (in Arabic),Al Hayat Al Jadedah,http://www.alhayat-j.com/
PSE, Jerusalem-based with largest-circulation (in Arabic) ,Al-Quds,http://www.alquds.com/
PSE, Middle East Monitor (MEMO) is a news outlet largely focused on the Israeli¨CPalestinian conflict.,Middle East Monitor,https://www.middleeastmonitor.com/
PSE, The Voice of Palestine.,"Palestinian Information
Center",https://english.palinfo.com/
PSE, News in English.,Palestine Report,http://www.palestinereport.ps/
PSE, Official news from the National Authority.,"Palestine Media Center
(PMC)",http://imemc.org/
PSE, ,"Guardian
(UK) - Israel and the Middle East",https://www.theguardian.com/world/israel
PAN,,News,news.html
PAN, National and international news (Spanish),"El Panam¨¢
Am¨¦rica",http://www.epasa.com/El_Panama_America/
PAN, National news (Spanish),El Siglo,http://www.elsiglo.com/
PAN, National news (Spanish),La Prensa,http://www.prensa.com/
PNG,,News,news.html
PNG, Papua New Guinea daily.,The National,http://www.thenational.com.pg/
PNG," National news, Port Moresby.",The Post-Courier,http://www.postcourier.com.pg/
PNG, A private satellite/cable tv broadcaster.,HiTRON,http://www.hitron.com.pg/
PNG, With links to PNG related news and background information.,"BBC
News Country Profile: Papua New Guinea",http://news.bbc.co.uk/1/hi/world/asia-pacific/country_profiles/1246074.stm
PNG, ,Search Google for News from Papua New Guinea ,https://news.google.com/news?hl=en&ned=us&q=Papua+New+Guinea&btnG=Search+News
PRY, Paraguayan News (in Spanish),La Nacion,http://www.lanacion.com.py/
PRY," Noticias on line, Paraguay News (in Spanish)",Noticias on line,http://www.dn.pt/
PRY, Paraguay News (in German),Paraguay-Rundschau,http://www.paraguay-rundschau.com/
PRY, National news (Spanish) ,Ultima Hora,http://www.ultimahora.com/
PRY, Paraguay related news. ,Paraguay.com,http://www.paraguay.com/
PRY,Radio Urbana in Asuncion.,Radio Urbana 106.9,http://www.urbana.com.py/
PER, Peru portal site (in Spanish),AccesoPeru,http://accesoperu.com/
PER, News magazine (in Spanish),Caretas,http://www.caretas.com.pe/
PER, National and international news (in Spanish),El Comercio,http://elcomercio.pe/
PER, The Press Office of the Congress of Peru (in Spanish),El Heraldo,http://www2.congreso.gob.pe/Sicr/Prensa/heraldo.nsf/centro_noticias
PER, National news (in Spanish),La Republica,http://www.repubblica.it/
PER, Peru related portal with news (in Spanish).,Peru.com,http://www.peru.com/
PCN, Pitcairn island news.,The Pitcairn Miscellany,http://www.miscellany.pn/
PCN, Historic articles. ,Pitcairn related Mass Media News Articles ,http://library.puc.edu/pitcairn/news/articles.shtml
POL, National and international news (in Polish),Gazeta Wyborcza,http://www.gazeta.pl/
POL, Business and finance.,Warsaw Business Journal,http://www.wbj.pl/
POL, Polish and Central European Review.,The Warsaw Voice,http://www.warsawvoice.com.pl/
POL, National and international news (in Polish).,Wprost,http://www.wprost.pl/
POL, Poland portal site provides news in English.,Poland.pl,https://www.poland.pl/news/
POL, Polish Press Agency.,Polska Agencja Prasowa,http://www.pap.com.pl/
POL,,TVP.PL - Telewizja Polska S.A.,https://www.tvp.pl/
PRI, National and international news (in Spanish).,El Nuevo Dia,https://www.elnuevodia.com/
PRI," Spanish daily, San Juan.",Primera Hora,http://www.primerahora.com/
PRI,,El Vocero de Puerto Rico,http://elvocero.com/
QAT,,News,news.html
QAT, Qatar based Arab channel television.,Al Jazeera,http://www.aljazeera.net
QAT, Qatar News (in Arabic),Al-Raya,http://www.raya.com
QAT, Daily News (in Arabic),Al-Sharq,http://www.al-sharq.com
QAT," Daily English language newspaper published from Dubai, covers news from the Gulf region. ",Gulf News,http://gulfnews.com/
QAT, National and international news.,Gulf Times,http://www.gulf-times.com/
QAT,,Qatar News Agency (QNA),http://www.qna.org.qa/en-us/
QAT, Amnesty International report placing the spotlight on Qatar¡¯s construction sector ahead of the World Cup.,Amnesty International Annual Report 2013 Qatar,http://www.amnesty.org/en/region/qatar/report-2013
QAT, Revealed: Qatar's World Cup 'slaves'. ,The Guardian,https://www.theguardian.com/world/2013/sep/25/revealed-qatars-world-cup-slaves
QAT, Union criticises Qatar for labour abuses.,Al Jazeera,https://www.aljazeera.com/indepth/features/2013/10/union-criticises-qatar-labour-abuses-20131010155934487621.html
REU, Le Journal de l'le de la R¨¦union - Reunion news (in French).,Clicanoo,http://www.clicanoo.com/
REU, The business magazine of the Indian Ocean (in French).,L'Eco austral,http://www.ecoaustral.com/
REU, Photo press agency with images of Reunion and the Indian Ocean.,iMaz Press Reunion,http://www.ipreunion.com/
REU," TV station, provides also news from Reunion (in French)",Antenne R¨¦union,http://www.antennereunion.fr/
REU,,RFO Reunion,http://reunion.rfo.fr/
ROU, Romanian Press Agency.,Mediafax,http://www.mediafax.ro/
ROU, National News (Romanian). ,Adevarul,http://adevarul.ro/
ROU, Romanian News (Romanian).,Evenimentul Zilei,http://www.expres.ro
ROU, Romanian daily (Romanian).,Libertatea,http://www.libertatea.ro/
ROU, Romanian newspaper (in Romanian).,Romania Libera,http://www.romanialibera.com
ROU, National news (Romanian).,Ziarul de Iasi,http://www.ziaruldeiasi.ro/
ROU, National and international news (Romanian).,Ziua,http://www.ziua.ro/
ROU, Daily with an English Version.,Jurnalul National,http://www.jurnalul.ro/
ROU, Daily English language newspaper.,Nine o'Clock,http://www.nineoclock.ro/
ROU," Business, Finance and National News (in Romanian).",Bucharest Business Week,http://www.business-review.eu/
ROU, Business weekly.,Capital,http://www.capital.ro/
ROU," Romania 1 and TVR 2, state-owned (in Romanian).",Televiziunea Romna - TVR,http://www.tvr.ro/
ROU," State-owned radio station, operates national and regional networks.",Radio Romania,http://www.srr.ro/
ROU,,Radio Romania International,http://www.rri.ro/
RWA, News site (in Iryibanze and Amakuru language),Imvaho Nshya,http://imvahonshya.co.rw/
RWA, Official News From the Government of Rwanda by the Department of Information (in Kinyarwanda language),Newsupdate,http://www.gov.rw/press-room/press-releases/
RWA, Rwanda related news and news archive,"IRIN
Rwanda",http://www.irinnews.org/frontpage.asp?SelectRegion=Great_Lakes&SelectCountry=Rwanda
RWA, Rwandas leading English newspaper.,The Newtimes,http://www.newtimes.co.rw/
RWA, Information on Rwanda from various sources.,Rwanda Information Exchange,http://emr.moh.gov.rw/wiki/display/RHEA/Rwanda+Health+Information+Exchange+(RHIE)+Home+Page
RWA,,ORINFOR,http://www.rba.co.rw/
KNA, News from the islands.,St Kitts & Nevis Observer,http://www.thestkittsnevisobserver.com/
KNA, Saint Kitts daily news online.,SKN News,http://sknnews.com/
KNA, News from the West Indies. ,"Caribbean Media Corporation
(CMC)",http://www.cananews.com/
LCA,,St.Lucia Mirror,http://www.stluciamirroronline.com/
LCA," Regional news, three times weekly.",St. Lucia Star,http://www.stluciastar.com/
VCT,,iWitness News,http://www.iwnsvg.com/
VCT,,Searchlight,http://www.searchlight.vc/
VCT, National newspaper of SVG.,The Vincentian,http://www.thevincentian.com/
VCT, Music and news.,"St. Vincent and the Grenadines
Broadcasting Corporation, Ltd.",http://www.svgbc.com/
VCT, Part of the SVG Broadcasting Corporation with regional and international news.,SVGTV,http://www.svg-tv.com/
WSM, American Samoa based online news.,Samoa News,http://www.samoanews.com/
WSM, A (news) portal to Samoa. ,Samoa Observer,http://www.samoaobserver.ws/
WSM, Australia based Pacific Islands News and Information.,The CocoNET Wireless,http://uqconnect.net/coconet/
WSM, Up-to-date news of all the islands of the South Pacific. ,"Pacific Islands
Report",http://pidp.eastwestcenter.org/pireport/
WSM, Leaders of some of the Pacific Forum seek to boost regional co-operation at their summit in Samoa (BBC News). ,"Pacific
Forum opens Samoa talks",http://news.bbc.co.uk/2/hi/asia-pacific/3543762.stm
SMR, San Marino news (in Italian).,Giornale.sm,http://www.giornalesm.com/
SMR, News from San Marino and Romagna region (in Italian).,Libertas,http://www.libertas.sm/
SMR,,San Marino Notizie,http://www.sanmarinonotizie.com/
SMR, Public TV with news from Italy and San Marino (in Italian),San Marino RTV,http://www.sanmarinortv.sm/
STP, Daily news (in Portuguese),"Di¨¢rio
T¨¦la N¨®n",http://www.telanon.info/
STP, Portugal based website with news from So Tom¨¦ and Pr¨ªncipe (in Portuguese),Di¨¢rio de So Tom¨¦ e Pr¨ªncipe - Jornal Transpar¨ºncia,http://www.jornaltransparencia.st/
STP, The national broadcaster.,R¨¢dio Nacional de So Tom¨¦ e Pr¨ªncipe,http://www.rnstp.st/
STP, So Tom¨¦ and Pr¨ªncipe related news (in Portuguese),Expresso frica,http://africa.expresso.clix.pt/stome/
STP, UN press agency with the latest news from Sao Tome and Principe. ,"IRIN
News",http://www.irinnews.org/frontpage.asp?SelectRegion=West_Africa&SelectCountry=Sao_Tome_and_Principe
STP, Website of the national broadcaster.,"R¨¢dio Nacional de So
Tom¨¦ e Pr¨ªncipe",http://radionacional.st/
SEN,,News,news.html
SEN, APS - Senegalese government press agency.,L'Agence de Presse S¨¦n¨¦galaise,http://www.aps.sn/
SEN, Senegal news (in French).,Le Quotidien,http://www.lequotidien.sn/
SEN, Dakar - prominent main-stream daily (in French).,Le Soleil,http://www.lesoleil.sn/
SEN, Senegal magazine with news.,Le Senegal Online,http://www.senegal-online.com/
SEN, Senegal tabloid news (in French),Seneweb,http://www.seneweb.com/
SEN, One of Senegal's top newspapers and radio stations (in French). ,Sud Online,http://www.sudonline.sn/
SEN, Senegalese news magazine (in French). ,Wal Fadjri,http://www.walf.sn/
SRB, Weekly newsmagazine.,NIN,http://www.nin.co.rs/
SRB, Weekly news magazine based in Belgrade.,Vreme,http://www.vreme.com/
SRB, ,Ekonomist,http://www.ekonomist.rs/
SRB, National and international news in Serbian (tabloid).,Blic,http://www.blic.rs/
SRB,,Danas,http://www.danas.rs/
SRB, National and international news in Serbian (tabloid).,Novosti,http://www.novosti.rs/
SRB,,Kurir,http://www.kurir.rs/
SRB, Major Serbian newspaper (in Serbian).,Politika,http://www.politika.rs/
SRB,,Radio Televizija Srbije,http://www.rts.rs/
SLE,,Awareness Times,http://news.sl/
SLE, Sierra Leone news.,Awoko Newspaper,http://awoko.org/
SLE, Sierra Leone news.,Standard Times,http://standardtimespress.org/
SLE, Recent news from Sierra Leone.,allAfrica Sierra Leone,http://allafrica.com/sierraleone/
SLE,,Cocorioko,http://cocorioko.net/
SLE, Articles related to Sierra Leone. ,The Guardian,https://www.theguardian.com/world/sierraleone
SLE, UN press agency with the latest news from Sierra Leone.,"IRIN
News",http://www.irinnews.org/frontpage.asp?SelectRegion=West_Africa&SelectCountry=Sierra_Leone
SLE,,Radio Democracy ,http://radiodemocracy.sl/
SLE," Talking Drum Studios (TDS), multi-media studios with multi-ethnic teams of journalists and producers, to stimulate national dialogue around critical issues. ",Talking Drum Studios,https://talkingdrumstudio.podbean.com/
SVK," Popular newspaper (tabloid), the best-selling daily in Slovakia.",Nov as,https://www.cas.sk/
SVK, Political-oriented daily with national news (in Slovak),Pravda,https://www.pravda.sk/
SVK, Mainstream broadsheet in Slovakia (in Slovak),SME,https://www.sme.sk/
SVK, Tabloid style online magazine with national news.,Topky.sk,http://www.topky.sk/
SVK, International Weekly.,The Slovak Spectator,http://www.slovakspectator.sk/
SVK, English language news from Slovakia.,The Daily Slovakia,http://www.thedaily.sk/
SVK,,rtv:,https://enrsi.rtvs.sk/
SVK, The News Agency of the Slovak Republic. ,TASR,http://www.tasr.sk/
SVN,,News,news.html
SVN, National news.,Delo,http://www.delo.si/
SVN, National and international news (in Slovene).,Dnevnik,http://www.dnevnik.si/
SVN, Daily news (in Slovene).,Morel,http://www.morel.si/
SVN," Economic, political and social news.",Slovenia News,http://www.sloveniatimes.com/
SVN, Slovene Press Agency.,Slovenska tiskovna agencija - STA,http://www.sta.si/
SVN, Daily Newspaper (in Slovene). ,Vecer,http://www.vecer.com
SLB, Solomon Island News.,Solomon Star,http://www.solomonstarnews.com/
SLB, Pacific Islands related News.,"Pacific
Islands Report",http://pidp.eastwestcenter.org/pireport/text.shtml
SLB, Island news (only for subscribers). ,"Solomon Islands Broadcasting
Corporation",http://www.sibconline.com.sb/
SOM, Somali portal with newswires news on Somalia (based in Canada),Banadir,http://www.banadir.com/
SOM, News in Somali and partly in English.,Dayniile,http://www.dayniile.com/
SOM, Somalia news in Somali and partly in English.,Jowhar.com,http://www.jowhar.com/
SOM, with News in English and Somali.,Radio Banadir Broadcasting (RBB),http://www.radiobanadir.com/
SOM, with News in English and Somali.,RBC Radio,http://www.raxanreeb.com/
SOM, ,Al Jazeera - Somalia: The Forgotten Story,https://www.aljazeera.com/programmes/aljazeeraworld/2016/10/somalia-forgotten-story-161027115655140.html
SOM, Voice of America Africa Somalia news. ,VOA News - Spotlight on Somalia,http://www.voanews.com/s?k=Somalia
LKA, Sri Lankan Internet Newspaper.,Colombo Page,http://colombopage.com/
LKA, Sri Lankan news paper.,Daily Mirror,http://www.dailymirror.lk/
LKA, The widest coverage in Sri Lanka (Lake House Newspapers).,Daily News,http://www.dailynews.lk/
LKA, Daily national and international news.,The Island,http://www.island.lk/
LKA, Sri Lanka businesse news.,Lanka Business Online,http://www.lankabusinessonline.com/
LKA, by the Department of Information - Sri Lanka.,Official Sri Lanka News,http://www.news.lk/
LKA, (by Lake House Newspapers),The Sunday Observer,http://www.sundayobserver.lk/
LKA, Weekly News,The Sunday Times,http://www.sundaytimes.lk/
LKA, With news related to the conflict of the Tamil people with the predominantly Sinhalese government. ,TamilNet,http://www.tamilnet.com/
LKA, ,Divaina,http://www.divaina.com/
LKA, ,Lakbima,http://www.lakbima.lk/
LKA, Radio Ceylon.,Sri Lanka Broadcasting Corporation,http://www.slbc.lk/
LKA, With links to Sri Lanka related news and background information.,"BBC
News Country Profile: Sri Lanka",http://news.bbc.co.uk/1/hi/world/south_asia/country_profiles/1168427.stm
LKA, Reuters news. ,Reuters AlertNet - Sri Lanka,http://www.alertnet.org/db/cp/srilanka.htm
LKA, Amnesty International Reports.,"Amnesty
International: Sri Lanka",https://www.amnesty.de/laenderbericht/sri-lanka
LKA, Background Briefings.,Human Rights Watch: Sri Lanka,https://www.hrw.org/asia/sri-lanka
LKA, UN humanitarian news and analysis. ,IRINnews Sri Lanka ,https://www.irinnews.org/asia/sri-lanka
LKA, Annual report about Press freedom in the country. ,Reporters sans fronti¨¨res - Sri Lanka,https://rsf.org/en/sri-lanka
SDN,,Sudanese Media Centre,http://smc.sd/
SDN, A major Khartoum based Sudanese newspaper.,Al-Jareeda,http://www.aljarida.com/
SDN, Scattered news from Sudan.,Juba Monitor,http://www.jubamonitor.com/
SDN, News and views information site on Sudan (based in ,SudanTribune,https://www.sudantribune.com/
SDN,,Paris,map/google_map_Paris.htm
SDN,,IRINnews: Africa,https://www.irinnews.org/africa
SDN,,Sudanese Radio & TV Corporation,http://www.srtc.gov.sd/
SDN,,Miraya FM ,http://mango96.com/
SUR, With Surinam News (in Dutch),Dagblad Suriname,http://www.dbsuriname.com/
SUR, Surinam Newspaper (in Dutch),De Ware Tijd,http://www.dwt.net/
SUR, Suriname News (in Dutch),De West,http://www2.cq-link.sr/dewest/
SUR, Surinam News,ParboComNews,http://www.parbo.com/dwt/
SWZ,,The Swazi Observer,http://www.observer.org.sz/
SWZ, Swaziland and South African News.,The Times of Swaziland,http://www.times.co.sz/
SWZ," Leading newspaper from South Africa, covers all Africa with current information.",Mail & Guardian,http://www.mg.co.za/
SWZ,,IRIN,http://www.irinnews.org/frontpage.asp?SelectRegion=Southern_Africa&SelectCountry=Swaziland
SWE, Swedens major newspaper (in Swedish).,Aftonbladet,https://www.aftonbladet.se/
SWE, National and international news (in Swedish).,Dagens Nyheter,https://www.dn.se
SWE, News from Sweden (Swedish).,Expressen,https://www.expressen.se/
SWE, Gteborgs newspaper (in Swedish).,Gteborgs-Posten,http://www.gp.se
SWE, National news (in Swedish).,Stockholm News,http://www.stockholmnews.se/
SWE, National and international news (in Swedish).,Svenska Dagbladet,http://www.svd.se/
SWE, The Swedish Broadcasting Corporation.,Sveriges Radio,https://sverigesradio.se/
SWE, Swedish news in six languages.,SR International,https://sverigesradio.se/sida/default.aspx?programid=4964
